label,in_pkt,in_size,out_pkt,out_size,cumul_1,cumul_2,cumul_3,cumul_4,cumul_5,cumul_6,cumul_7,cumul_8,cumul_9,cumul_10,cumul_11,cumul_12,cumul_13,cumul_14,cumul_15,cumul_16,cumul_17,cumul_18,cumul_19,cumul_20,cumul_21,cumul_22,cumul_23,cumul_24,cumul_25,cumul_26,cumul_27,cumul_28,cumul_29,cumul_30,pkg_count,chunk_count,total_size,chunk_1,chunk_2,chunk_3,chunk_4,chunk_5,chunk_6,chunk_7,chunk_8,chunk_9,chunk_10,chunk_11,chunk_12,chunk_13,chunk_14,chunk_15,chunk_16,chunk_17,chunk_18,chunk_19,chunk_20,chunk_21,chunk_22,chunk_23,chunk_24,chunk_25
ALS_Ice_Bucket_Challenge,172,62806,141,76791,-770.4193548387094,-3633.741935483871,-3687.6129032258063,-3797.870967741936,-3893.3548387096776,-4647.225806451613,-1714.0967741935483,8307.258064516129,6002.1612903225805,4473.322580645161,2900.354838709677,2381.967741935499,-217.322580645161,-282.3548387096745,-3297.064516129032,4337.064516129032,2651.193548387097,965.3225806451616,-721.5483870967744,-2412.4193548387098,-4086.6451612903234,-5711.322580645164,-7336.064516129037,-8964.516129032265,-10591.032258064515,-12230.645161290322,-14194.677419354874,-16195.096774193576,-17877.25806451613,-13866.032258064515,147,8,8466,1822,1633,1088,365,1100,739,412,1301,0,0,0,0,0,0,0,0,0,0,0,0,0,0,0,0,0
ALS_Ice_Bucket_Challenge,131,53325,138,77393,-2046.0,-4471.064516129032,-4590.967741935481,-4568.5161290322585,-5132.1935483870975,-5013.096774193545,-5761.903225806452,-6657.032258064516,-8610.161290322581,-9982.645161290322,-4330.161290322581,-6188.387096774193,-4644.612903225807,-6417.451612903225,-7605.3870967741905,-9627.806451612909,-10748.548387096776,-10705.58064516129,-12094.645161290313,-13904.645161290322,-14920.67741935484,-15161.19354838709,-15936.967741935485,-16862.54838709677,-17676.225806451614,-18739.35483870968,-19800.483870967742,-20821.612903225807,-22398.322580645185,-24266.967741935485,99,13,13025,205,1516,1576,1818,1442,574,982,1397,352,353,709,1436,659,0,0,0,0,0,0,0,0,0,0,0,0
ALS_Ice_Bucket_Challenge,47,7700,47,11264,-451.1612903225807,-207.61290322580643,-183.9354838709677,-579.6451612903227,-682.8064516129033,-307.41935483871043,-201.51612903225808,-575.2903225806452,-824.4516129032259,-670.9999999999991,-660.0967741935483,-1008.8709677419346,-1320.0967741935483,-1266.354838709678,-1235.6774193548388,-1548.6129032258066,-1892.741935483871,-1900.9032258064503,-1811.258064516129,-2087.580645161292,-2465.3870967741937,-2537.3870967741905,-2386.838709677419,-2625.774193548385,-3038.032258064516,-3174.0645161290345,-2962.4193548387098,-3163.193548387096,-3610.677419354839,-3811.5161290322585,47,11,6760,669,415,1183,291,548,513,517,259,261,1054,1044,0,0,0,0,0,0,0,0,0,0,0,0,0,0
ALS_Ice_Bucket_Challenge,48,7320,54,9961,-29.67741935483871,-132.5483870967742,-382.0000000000001,-618.6774193548387,-585.0967741935484,-480.322580645161,-209.09677419354824,-43.41935483870968,-168.0967741935484,-560.3870967741925,-375.0,-757.0322580645162,-906.451612903226,-963.064516129032,-899.6129032258063,-929.8387096774194,-1054.516129032258,-1256.7096774193546,-1520.0000000000014,-1712.3870967741937,-1861.806451612904,-1862.9032258064497,-1795.7096774193533,-1872.258064516129,-1996.935483870968,-2236.5161290322585,-2503.5483870967746,-2667.741935483871,-2817.1612903225805,-2589.064516129032,48,4,6360,2820,1161,228,2151,0,0,0,0,0,0,0,0,0,0,0,0,0,0,0,0,0,0,0,0,0
Adele,20,12437,22,3115,-10.7741935483871,-319.03225806451604,-403.2258064516129,-81.38709677419354,-448.3548387096771,-532.5806451612904,-586.6774193548387,-575.1935483870968,-470.87096774193554,-172.96774193548384,-218.12903225806448,-201.16129032258064,-545.1290322580646,-727.8387096774194,4489.548387096775,4377.096774193548,4355.354838709677,4346.064516129032,4544.516129032258,4584.129032258064,4559.741935483871,4557.870967741936,4021.1935483870966,6738.7419354838685,9248.58064516129,9105.870967741936,9268.83870967742,9353.290322580646,8898.548387096775,9191.193548387097,18,1,1623,1617,0,0,0,0,0,0,0,0,0,0,0,0,0,0,0,0,0,0,0,0,0,0,0,0
Adele,56,20060,49,36370,-3380.935483870968,-2569.483870967742,-4836.806451612903,-4507.967741935484,-7074.225806451618,-8014.612903225807,-8870.516129032261,-13348.483870967742,-13260.41935483871,-12176.41935483871,-14236.0,-17884.225806451614,-17796.16129032258,-15706.354838709678,-15081.93548387097,-18353.322580645166,-21414.774193548383,-22073.83870967742,-21985.774193548383,-19890.93548387097,-19939.58064516129,-16478.74193548387,-13543.064516129032,-13379.419354838705,-12804.387096774191,-15585.16129032258,-19283.25806451613,-19195.1935483871,-17609.064516129027,-17073.25806451613,46,4,5765,1948,835,1477,1505,0,0,0,0,0,0,0,0,0,0,0,0,0,0,0,0,0,0,0,0,0
Adele,19,12872,31,18010,-1203.6774193548388,-130.4193548387097,-1513.032258064516,-2723.709677419354,-624.5483870967741,-2084.0,-2094.967741935484,-1377.6774193548388,-1416.3870967741937,-2828.774193548388,-4041.451612903226,-3278.516129032258,-1189.225806451613,-2660.0,-2660.6451612903224,-4054.193548387098,-5193.096774193552,-3517.322580645152,-4323.4516129032245,-4107.677419354838,-3905.0,-3916.6129032258063,-4678.419354838709,-5900.451612903227,-5737.451612903219,-4932.677419354846,-5919.0,-5777.387096774192,-5126.580645161291,-5145.290322580645,14,3,3067,728,741,1592,0,0,0,0,0,0,0,0,0,0,0,0,0,0,0,0,0,0,0,0,0,0
Adele,32,13003,36,36506,-4029.0,-4029.0,-4608.903225806449,-6460.0,-8653.548387096775,-8566.645161290324,-8489.870967741936,-8481.677419354839,-10807.387096774191,-10777.677419354835,-12587.548387096773,-14532.516129032258,-13546.77419354838,-14025.741935483871,-12978.548387096766,-15154.354838709678,-17489.064516129034,-16108.580645161286,-16967.935483870966,-16272.774193548386,-18797.90322580645,-21134.612903225807,-19358.8064516129,-20603.0,-19876.967741935485,-22424.451612903227,-24763.16129032258,-22887.483870967742,-24223.0,-23494.16129032258,26,2,2513,218,2289,0,0,0,0,0,0,0,0,0,0,0,0,0,0,0,0,0,0,0,0,0,0,0
Agario,15,7711,16,3183,-40.0,-14.0,-34.0,-571.0,-545.0,4678.0,4658.0,4512.0,4538.0,4784.0,4764.0,4306.0,4332.0,4717.0,4697.0,4238.0,4264.0,4651.0,4631.0,4171.0,4197.0,4633.0,4613.0,4152.0,4178.0,4570.0,4550.0,4088.0,4114.0,4548.0,14,3,2204,611,373,1220,0,0,0,0,0,0,0,0,0,0,0,0,0,0,0,0,0,0,0,0,0,0
Agario,42,26140,144,26959,-97.41935483870968,-180.0,-304.51612903225805,-1874.3225806451608,-3080.5483870967764,7243.516129032258,5854.935483870968,15340.16129032258,15912.774193548386,15638.54838709678,17027.387096774193,17928.032258064515,18854.548387096773,16624.0,16453.0,15856.0,15166.0,13842.451612903224,12071.419354838696,10410.612903225809,9981.354838709687,6967.774193548387,4749.0,2458.580645161287,136.51612903225794,8.096774193548185,-99.0,-206.74193548387075,-469.322580645161,-641.5806451612902,10,1,3792,3792,0,0,0,0,0,0,0,0,0,0,0,0,0,0,0,0,0,0,0,0,0,0,0,0
Agario,26,10867,29,15848,1.806451612903224,-1291.0,-2257.5806451612902,-2032.0967741935483,-2048.870967741936,-3177.1612903225805,-2221.806451612903,-3017.3548387096766,-3979.1935483870952,-4047.129032258065,-3246.096774193548,-2770.6774193548363,-3960.516129032258,-5061.709677419355,-3999.6129032258063,-3249.3870967741937,-4559.290322580645,-5661.483870967742,-4639.838709677418,-3978.612903225807,-4625.3548387096735,-5616.516129032259,-5897.645161290324,-5059.258064516132,-4405.354838709677,-5699.032258064516,-6805.225806451613,-5737.677419354839,-4953.451612903225,-4990.225806451613,20,3,4064,206,2288,1558,0,0,0,0,0,0,0,0,0,0,0,0,0,0,0,0,0,0,0,0,0,0
Agario,29,10956,26,18987,-1544.0,-2451.387096774193,-2606.774193548388,-2542.0,-3046.354838709676,-3659.161290322582,-2997.870967741934,-4352.83870967742,-5476.709677419352,-4915.483870967744,-3865.6129032258063,-4587.677419354835,-5395.612903225807,-6746.967741935484,-5660.290322580645,-4961.483870967743,-6178.774193548385,-6434.387096774194,-7786.741935483871,-6717.387096774193,-5947.806451612903,-7511.806451612903,-7508.419354838708,-8817.516129032258,-8049.483870967741,-6999.903225806452,-8547.58064516129,-9042.806451612898,-9655.032258064515,-8942.064516129036,23,3,4090,205,1515,2364,0,0,0,0,0,0,0,0,0,0,0,0,0,0,0,0,0,0,0,0,0,0
Amanda_Todd,20,4057,21,4844,-448.7741935483871,-163.74193548387103,-103.61290322580643,-522.0967741935484,-220.54838709677443,-216.35483870967732,-604.4193548387098,-247.1290322580648,-290.2258064516128,-647.741935483871,-248.5161290322584,-346.2258064516128,-673.0645161290322,-206.22580645161412,-360.0322580645152,-655.3870967741935,-175.64516129032256,-374.6129032258063,-639.7096774193549,-169.9354838709677,-397.999999999999,-632.0322580645162,-329.22580645161287,-586.5161290322578,-789.3548387096776,-534.516129032258,-821.1612903225796,-992.6774193548388,-752.8064516129032,-779.9032258064515,20,4,3657,720,1269,458,1210,0,0,0,0,0,0,0,0,0,0,0,0,0,0,0,0,0,0,0,0,0
Amanda_Todd,110,47446,104,77318,-4748.774193548387,-5272.129032258064,-41.1935483870968,1075.741935483871,-1338.3225806451612,-7710.096774193548,-5161.838709677422,-9260.09677419355,-10550.645161290322,-8360.645161290322,-3244.741935483869,-1312.1935483870966,-7553.516129032264,-5592.1612903225805,-7689.322580645161,-12019.258064516129,-10815.09677419355,-5537.258064516123,-4038.935483870955,-9976.32258064516,-10953.387096774191,-14414.354838709678,-11481.483870967742,-17887.387096774193,-17559.967741935518,-22352.41935483871,-24819.645161290293,-26909.7741935484,-31639.29032258064,-30752.3870967742,85,8,10438,1179,860,1478,2516,1776,841,439,1349,0,0,0,0,0,0,0,0,0,0,0,0,0,0,0,0,0
Amanda_Todd,44,31017,68,43316,-587.2580645161286,-1358.709677419356,-2085.0,-12.806451612903205,-51.06451612903234,-2639.6774193548385,-2004.0,-2107.096774193545,-1984.193548387106,-3259.516129032258,-3930.741935483871,-3039.4193548387098,-4363.741935483876,-5787.548387096774,-5488.677419354824,-4898.225806451613,-7556.419354838709,-6897.0,-6249.903225806446,-7733.258064516156,-8050.0,-8703.483870967742,-7779.387096774193,-8837.838709677419,-10353.032258064512,-9951.0322580645,-10530.0,-13216.16129032258,-12540.0,-12278.548387096776,32,6,5910,1533,789,841,864,1238,621,0,0,0,0,0,0,0,0,0,0,0,0,0,0,0,0,0,0,0
Amanda_Todd,68,27775,91,76822,-591.0,-4655.0,-4687.903225806452,-9229.612903225809,-11418.709677419354,-12827.451612903224,-13332.548387096776,-13943.741935483871,-13813.709677419354,-15266.354838709678,-17927.16129032258,-20215.612903225807,-19636.35483870967,-23908.3870967742,-23192.419354838705,-27018.67741935485,-26740.03225806451,-28776.35483870968,-30595.0,-32390.83870967742,-33534.06451612905,-35981.32258064516,-36405.25806451613,-36937.22580645161,-41877.54838709677,-40848.16129032258,-45345.677419354855,-45111.29032258064,-47460.51612903226,-49281.0,57,5,6804,211,1462,2337,1661,1127,0,0,0,0,0,0,0,0,0,0,0,0,0,0,0,0,0,0,0,0
American_Sniper,39,12223,41,8343,-25.61290322580645,-535.2903225806452,-458.6774193548387,-900.6129032258065,-520.0645161290322,-759.0322580645159,-1028.3225806451617,-545.9032258064516,-884.3548387096771,-921.5806451612896,-552.741935483871,-1002.8387096774192,-1058.741935483871,-512.5806451612902,-551.5483870967741,-1093.451612903226,4130.580645161291,4119.096774193548,3770.83870967742,4283.741935483871,3934.774193548388,3957.225806451613,4365.903225806452,3910.3225806451615,4041.451612903226,4170.064516129032,3700.6129032258063,3939.7096774193583,3929.838709677421,3509.903225806452,38,6,6232,539,848,2106,486,1175,1078,0,0,0,0,0,0,0,0,0,0,0,0,0,0,0,0,0,0,0
American_Sniper,38,26060,224,57665,-180.0,-284.51612903225805,-1831.3870967741937,5695.709677419354,16650.645161290322,15242.0,17460.22580645161,18890.0,16670.0,15436.0,13991.58064516129,11805.451612903224,10537.0,7226.193548387097,3912.064516129032,-476.61290322580953,-2844.0,-6184.0,-9929.225806451605,-14204.999999999996,-18441.0,-20861.0,-23146.967741935485,-26517.0,-29905.225806451614,-30262.0,-30497.483870967742,-30825.225806451614,-31111.0,-31352.74193548387,9,1,3792,3792,0,0,0,0,0,0,0,0,0,0,0,0,0,0,0,0,0,0,0,0,0,0,0,0
American_Sniper,82,166756,95,40393,-87.64516129032259,-1053.0,-1411.0,-1529.3225806451612,-2901.0,-3956.935483870967,-3576.612903225804,-4824.645161290323,-6498.806451612903,-5944.451612903225,-5154.387096774193,-6502.967741935484,-8085.387096774194,-7505.032258064516,50971.29032258064,70638.16129032258,78771.61290322577,97009.99999999996,126083.41935483873,129741.29032258064,128914.25806451612,129433.80645161292,128116.64516129032,128790.12903225806,128624.90322580644,127625.2258064516,127797.58064516127,128254.74193548386,126868.16129032258,125960.64516129032,53,6,10256,205,3135,2490,879,1637,1892,0,0,0,0,0,0,0,0,0,0,0,0,0,0,0,0,0,0,0
American_Sniper,91,100377,81,47586,-2598.064516129032,-3586.7741935483864,-5603.548387096776,-3386.8709677419374,-4265.5161290322585,-5029.354838709677,-4528.322580645161,-7219.580645161288,-8199.90322580646,-6958.129032258064,-9395.483870967742,-8665.451612903238,-9536.741935483871,-11125.16129032258,-11486.000000000004,-11974.419354838716,-10976.354838709678,21494.74193548387,18847.58064516129,19480.483870967742,17949.032258064515,17500.032258064515,17688.258064516132,14867.580645161292,30635.41935483871,54522.54838709684,53760.90322580645,53771.67741935484,53508.8064516129,51954.51612903224,70,6,10141,212,785,1638,3582,2247,1677,0,0,0,0,0,0,0,0,0,0,0,0,0,0,0,0,0,0,0
Anthony_Bourdain,168,86938,153,109935,-4537.096774193548,-11761.51612903226,-13083.290322580646,-12430.032258064522,-15411.451612903216,-21273.709677419352,-25323.41935483871,-25641.064516129045,-28470.580645161284,-33612.677419354826,-32314.06451612904,-38713.29032258064,-43347.51612903226,-42842.35483870968,-35708.32258064516,-41821.16129032259,-40200.38709677419,-45396.74193548387,-50983.70967741936,-55509.48387096774,-56519.74193548387,-58297.06451612903,-64184.22580645161,-70670.58064516129,-64337.58064516129,-61684.38709677416,-51522.032258064406,-41152.77419354838,-32061.516129032203,-26013.322580645032,123,11,16209,1166,379,176,825,813,862,797,1862,842,876,7599,0,0,0,0,0,0,0,0,0,0,0,0,0,0
Anthony_Bourdain,80,44877,144,49939,-2257.935483870968,-2715.870967741936,-4058.6129032258063,1686.258064516129,1466.3225806451612,105.6774193548324,-989.3870967741932,-2420.290322580652,-3212.354838709677,-2733.516129032257,-3311.2903225806454,-3313.548387096775,-4918.1612903225805,-5219.483870967727,-6629.096774193567,-5361.967741935484,-6816.0,-7473.419354838714,-8248.0,-9646.0,-9771.0,-9221.580645161292,-10858.45161290325,-9870.451612903224,-12178.387096774197,-12956.12903225805,-14009.064516129032,-14119.096774193567,-4268.8709677419365,-4764.0,61,6,12048,596,1806,3169,793,3255,2429,0,0,0,0,0,0,0,0,0,0,0,0,0,0,0,0,0,0,0
Anthony_Bourdain,30,6565,30,7274,-433.6774193548387,-185.4193548387097,-626.0322580645161,-246.83870967741936,-694.3870967741935,-325.258064516129,-779.741935483871,-367.6774193548387,-829.0967741935483,-360.0967741935484,-828.4516129032259,-359.51612903225805,-833.8064516129032,-358.93548387096774,-841.1612903225807,-394.0645161290319,-820.9032258064528,-501.9999999999982,-818.5483870967739,-552.387096774193,-732.9354838709692,-579.7741935483882,-630.064516129032,-622.8064516129026,-571.9354838709693,-666.5806451612877,-456.5483870967741,-728.5161290322576,-594.9032258064533,-961.2258064516134,30,7,5965,250,734,1725,811,473,491,1481,0,0,0,0,0,0,0,0,0,0,0,0,0,0,0,0,0,0
Anthony_Bourdain,33,6899,32,6440,-323.35483870967744,-176.77419354838702,-377.3548387096775,-217.74193548387092,-386.41935483870986,-326.2258064516131,-437.0645161290317,-244.22580645161315,-510.0967741935484,-128.48387096774155,-513.3225806451613,-31.225806451612883,-422.2903225806452,33.90322580645167,-349.2580645161291,112.03225806451616,-263.22580645161304,167.16129032258064,-200.19354838709685,188.29032258064512,-156.2903225806456,245.1935483870982,49.03225806451647,295.1612903225814,252.32258064515904,299.74193548387115,456.0967741935467,286.4516129032256,573.8709677419355,203.48387096774184,33,4,6239,251,256,739,4993,0,0,0,0,0,0,0,0,0,0,0,0,0,0,0,0,0,0,0,0,0
Antonio_Brown,24,4643,24,5801,-443.741935483871,-169.93548387096774,-484.1290322580642,-545.7096774193549,-246.83870967741936,-704.4516129032259,-363.0967741935487,-499.4516129032256,-757.6774193548387,-365.6774193548387,-837.1612903225807,-557.6774193548397,-453.7419354838709,-839.3870967741935,-379.5161290322581,-753.4516129032255,-684.9032258064526,-393.4193548387097,-850.0967741935484,-389.8387096774189,-635.5161290322578,-814.4838709677425,-529.258064516129,-999.8064516129034,-794.1935483870965,-859.774193548387,-1186.032258064516,-928.0967741935484,-1364.6129032258043,-1272.9032258064512,24,5,4163,625,2065,446,304,723,0,0,0,0,0,0,0,0,0,0,0,0,0,0,0,0,0,0,0,0
Antonio_Brown,186,156022,125,90149,-4889.1612903225805,-9996.774193548392,-14145.483870967742,-11763.548387096784,-17518.22580645161,-21615.967741935485,-20314.70967741937,-24965.16129032258,-30639.451612903227,-35218.6129032258,-34185.25806451614,-39111.80645161289,-37608.3870967742,-44043.25806451613,-44885.645161290326,-49162.58064516129,-42797.19354838709,-42714.96774193552,-46790.74193548386,-52485.22580645161,-55815.12903225809,-50557.87096774192,-37672.83870967742,-26062.83870967732,-13804.87096774186,-267.0645161289917,22527.806451612912,36110.03225806454,50700.35483870968,65844.03225806452,118,12,17253,1172,206,148,761,746,815,845,1771,750,671,300,9007,0,0,0,0,0,0,0,0,0,0,0,0,0
Antonio_Brown,51,35362,79,50252,-1262.0,-208.0,-2791.0,-2160.0,-2070.0,-2649.0,-1197.0,-2740.0,-3419.0,-4000.0,-3303.0,-3811.0,-5306.0,-7168.0,-6504.0,-7146.0,-6237.0,-6891.0,-9544.0,-8900.0,-8155.0,-8661.0,-9671.0,-11148.0,-10240.0,-11381.0,-14046.0,-13103.0,-14555.0,-15144.0,36,6,6155,2299,1642,797,488,625,286,0,0,0,0,0,0,0,0,0,0,0,0,0,0,0,0,0,0,0
Antonio_Brown,79,34145,128,92709,-2576.1935483870966,-5064.0,-8808.032258064517,-9390.83870967742,-9093.0,-10599.0,-14429.290322580648,-16091.41935483871,-17575.774193548386,-22064.774193548383,-21598.12903225808,-25189.0,-29336.8064516129,-27979.93548387097,-32924.16129032258,-31572.8064516129,-34572.06451612903,-37662.1935483871,-39003.48387096774,-42563.96774193547,-43112.0,-47199.93548387098,-47652.0,-51699.06451612906,-51727.74193548387,-55186.258064516114,-55939.0,-57368.87096774193,-57787.51612903226,-58414.0,64,4,6484,212,3113,2504,649,0,0,0,0,0,0,0,0,0,0,0,0,0,0,0,0,0,0,0,0,0
Australia_vs_India,47,13112,49,9892,-0.9354838709677402,-384.6451612903227,-576.4516129032259,-337.4516129032256,-149.67741935483872,-335.2903225806462,-612.3870967741935,-525.2258064516126,-175.4193548387097,-167.96774193548345,-582.0645161290331,-630.8064516129034,-673.2903225806451,-141.09677419354833,-177.03225806451616,2165.225806451606,4374.774193548387,4262.774193548387,4640.225806451613,4652.451612903226,4228.612903225806,3999.354838709677,4163.419354838713,4086.548387096775,3604.6129032258063,3594.4193548387098,3863.483870967742,3459.419354838713,3485.870967741936,2960.483870967742,46,5,6961,753,2606,450,1682,1470,0,0,0,0,0,0,0,0,0,0,0,0,0,0,0,0,0,0,0,0
Australia_vs_India,255,165260,180,123489,-8053.870967741935,-12252.290322580646,-18071.483870967742,-19231.548387096784,-26244.000000000007,-31435.967741935485,-35905.12903225806,-40378.29032258064,-44818.45161290323,-49264.6129032258,-47310.77419354839,-51377.51612903225,-42110.96774193544,-31957.032258064515,-24813.67741935484,-6595.258064516116,10316.419354838725,19379.870967741936,31221.548387096776,45680.32258064522,64579.22580645163,69911.29032258064,65445.16129032258,59191.70967741939,66462.96774193548,60338.8064516129,55369.645161290326,51346.67741935487,46431.29032258064,41454.64516129032,178,13,33012,1161,1048,823,819,825,816,2558,21998,1478,370,365,367,372,0,0,0,0,0,0,0,0,0,0,0,0
Australia_vs_India,80,54703,116,70932,-138.03225806451613,-1963.8709677419345,-1219.9677419354798,-2681.0,-4511.290322580645,-3084.0,-3857.322580645154,-5727.064516129032,-5488.290322580645,-7612.58064516129,-7565.354838709677,-7271.387096774193,-9194.354838709662,-9931.0,-11771.870967741936,-9927.129032258064,-11424.161290322572,-13114.70967741935,-12693.612903225809,-13220.645161290322,-14602.741935483851,-15905.0,-18207.93548387097,-17254.0,-19673.8064516129,-21115.70967741936,-20978.0,-14480.16129032262,-14735.967741935485,-14998.967741935485,59,5,10453,838,2382,3315,2080,1826,0,0,0,0,0,0,0,0,0,0,0,0,0,0,0,0,0,0,0,0
Australia_vs_India,111,47435,132,121041,-4388.903225806452,-6425.741935483872,-8634.709677419354,-13192.483870967746,-15199.129032258064,-16228.41935483871,-19415.25806451613,-22377.8064516129,-24148.0,-27404.19354838712,-29514.483870967742,-31323.83870967742,-35411.93548387097,-36682.16129032258,-37887.38709677421,-41920.61290322583,-43743.83870967742,-45551.25806451613,-47722.16129032258,-50808.51612903226,-51808.0,-55097.09677419354,-60427.96774193543,-59906.67741935484,-64280.0,-66556.87096774194,-67131.0,-67908.0,-69440.0,-72463.09677419355,92,4,11467,212,6094,3409,1740,0,0,0,0,0,0,0,0,0,0,0,0,0,0,0,0,0,0,0,0,0
Avengers_Endgame,30,6643,30,7274,-433.6774193548387,-83.41935483870968,-524.0322580645161,-100.83870967741936,-548.3870967741935,-175.25806451612902,-629.741935483871,-203.67741935483872,-665.0967741935483,-225.0967741935484,-693.4516129032259,-219.51612903225808,-694.8064516129032,-206.9354838709677,-688.1612903225807,-210.096774193548,-635.9032258064528,-353.90322580645,-677.5483870967739,-404.2903225806446,-581.9354838709692,-418.3225806451625,-461.064516129032,-439.3548387096768,-370.9354838709693,-528.161290322579,-449.5483870967741,-709.7096774193543,-526.9032258064533,-892.5806451612909,30,8,6043,352,1610,900,454,345,483,509,1390,0,0,0,0,0,0,0,0,0,0,0,0,0,0,0,0,0
Avengers_Endgame,66,18779,101,24526,-11.225806451612918,-2692.8064516129034,-5069.709677419355,-4604.0,-4787.354838709678,-5087.419354838709,-4705.258064516131,-4676.225806451612,-4984.129032258064,-4426.129032258064,-4607.612903225805,-4384.580645161291,-4385.967741935484,-6344.290322580649,-1551.6129032258077,-879.0,-3412.4193548387098,-3662.0,-4103.1612903225805,-4881.6129032258295,-5595.322580645159,-7153.0,-6972.0,-8095.709677419355,-7693.58064516129,-9624.483870967742,-5757.322580645126,-4713.322580645155,-4586.774193548387,-5267.9032258064535,62,7,7037,571,775,398,2104,526,755,1906,0,0,0,0,0,0,0,0,0,0,0,0,0,0,0,0,0,0
Avengers_Endgame,66,45112,99,66250,-505.8064516129028,-2199.677419354839,-3674.806451612904,-4236.0,-4795.677419354839,-5378.0,-6849.741935483864,-6560.935483870968,-8391.41935483871,-7771.419354838709,-9041.645161290338,-8464.967741935487,-8717.645161290322,-9393.387096774191,-9933.129032258064,-10841.645161290317,-11935.096774193546,-13101.16129032258,-13708.0,-14414.709677419354,-14883.483870967746,-16209.741935483851,-15357.96774193548,-17961.451612903227,-16437.548387096773,-18959.225806451617,-18002.0,-18877.25806451618,-19513.516129032258,-20055.25806451613,50,5,11491,212,7265,864,870,2268,0,0,0,0,0,0,0,0,0,0,0,0,0,0,0,0,0,0,0,0
Avicii,36,16638,46,27108,-1662.258064516129,-2524.870967741936,-2575.806451612903,-2595.935483870968,-3209.000000000001,-2826.6129032258063,-4319.387096774193,-4340.4838709677415,-4721.967741935484,-2642.3548387096776,-4057.3225806451615,-5479.0,-4675.1612903225805,-6175.774193548387,-6558.516129032255,-6875.0,-6072.0,-7602.709677419355,-8923.193548387097,-8193.580645161293,-7507.0,-7549.58064516129,-9101.129032258064,-10423.612903225809,-8934.806451612907,-8986.322580645161,-9964.774193548385,-11490.645161290317,-9781.129032258064,-10507.709677419352,30,4,4470,205,1036,1619,1598,0,0,0,0,0,0,0,0,0,0,0,0,0,0,0,0,0,0,0,0,0
Avicii,39,15851,47,42783,-67.74193548387098,-53.87096774193548,-2799.8064516129048,-4503.354838709677,-4442.709677419355,-6825.612903225807,-5686.193548387097,-8413.032258064519,-9801.548387096773,-8673.41935483871,-10005.16129032258,-10229.80645161291,-13461.16129032258,-11564.387096774191,-12901.0,-12647.677419354844,-16043.516129032269,-15193.870967741934,-16480.0,-15757.83870967742,-18587.48387096773,-19652.032258064515,-20100.0,-19350.8064516129,-21890.3870967742,-24095.000000000004,-25756.225806451614,-26292.0,-27446.580645161284,-26892.0,32,3,3757,224,1215,2312,0,0,0,0,0,0,0,0,0,0,0,0,0,0,0,0,0,0,0,0,0,0
Avicii,60,13106,49,42989,-3377.5806451612902,-2651.7419354838707,-4540.967741935484,-8086.322580645161,-6957.612903225807,-9710.83870967742,-13407.516129032258,-14240.645161290322,-14149.225806451614,-13030.225806451614,-12856.548387096776,-12087.967741935485,-16874.51612903226,-18445.129032258064,-18353.70967741936,-16477.16129032258,-21486.290322580644,-22880.451612903227,-22789.032258064515,-20950.451612903227,-26144.064516129045,-27361.774193548383,-27270.35483870968,-25422.74193548387,-30790.838709677428,-31832.09677419355,-31740.67741935484,-29902.032258064515,-29953.032258064515,-29858.67741935484,52,5,5589,1166,1065,847,816,1640,0,0,0,0,0,0,0,0,0,0,0,0,0,0,0,0,0,0,0,0
Avicii,26,11428,28,16805,-1312.0,-2259.064516129032,-2257.3870967741937,-1875.516129032258,-2893.1612903225805,-2683.483870967742,-3386.064516129032,-3272.225806451613,-3038.1290322580644,-4039.258064516127,-5064.354838709677,-4012.548387096774,-3168.6774193548385,-4466.451612903225,-5567.4838709677415,-4582.967741935485,-3915.9354838709696,-4370.548387096774,-5338.580645161288,-5936.709677419359,-5028.709677419355,-4252.83870967742,-5556.741935483871,-6661.774193548387,-5581.225806451613,-4817.032258064515,-5828.290322580644,-6753.967741935481,-6788.741935483875,-6001.354838709676,20,2,4637,590,4041,0,0,0,0,0,0,0,0,0,0,0,0,0,0,0,0,0,0,0,0,0,0,0
Battlefield_3,37,11545,39,7433,-266.258064516129,-499.5806451612904,-576.0967741935484,-542.0322580645161,-153.32258064516128,-171.1935483870968,154.4193548387043,4425.516129032258,4639.709677419355,4174.419354838709,4564.645161290323,4107.612903225806,4080.6451612903215,4215.806451612903,4522.129032258064,3957.870967741936,4142.451612903225,3606.3548387096776,3892.483870967741,3581.8387096774195,4034.3225806451615,3584.322580645161,3858.999999999999,3997.548387096776,3595.548387096774,4074.161290322581,3716.258064516127,3762.709677419357,4077.064516129032,3604.258064516129,36,5,5594,2405,423,1822,442,502,0,0,0,0,0,0,0,0,0,0,0,0,0,0,0,0,0,0,0,0
Battlefield_3,249,231484,223,102301,-7304.58064516129,-13420.580645161292,-14935.51612903226,-19717.61290322581,-23246.41935483872,-26986.967741935485,-30528.129032258064,-33406.09677419355,-38118.64516129033,-40991.45161290323,-46411.2580645161,-53971.48387096774,-55161.77419354839,-45839.80645161292,-25018.67741935484,-4102.322580645161,11280.032258064515,20405.290322580626,34910.32258064517,52727.45161290321,71224.83870967735,84656.80645161291,91395.16129032258,105147.51612903226,114259.51612903224,120073.06451612896,133959.5806451613,139838.0,136722.0,130854.87096774195,158,14,37663,1178,761,70,1389,844,1509,1488,841,1539,862,871,885,869,24557,0,0,0,0,0,0,0,0,0,0,0
Battlefield_3,60,43218,87,51140,-1846.5806451612905,-2404.0,-977.967741935484,-3557.258064516128,-2943.903225806452,-4411.967741935487,-4230.0,792.4193548387096,2978.0,2098.0967741935506,2725.0,2227.1290322580644,1534.0,-625.9354838709512,-477.8387096774195,-2344.290322580645,-1681.0,-3559.451612903226,-2870.0,-2071.451612903226,-2939.290322580636,-3240.0,-5897.354838709677,-4917.419354838695,-6975.645161290326,-6424.0,-7002.677419354839,-7581.0,-8154.548387096775,-8000.774193548408,45,9,10039,749,2548,793,823,837,1694,867,852,870,0,0,0,0,0,0,0,0,0,0,0,0,0,0,0,0
Battlefield_3,81,36552,111,89814,-4597.0,-4509.0,-5434.0,-8410.0,-9067.0,-11045.0,-9055.0,-9166.0,-12153.0,-15352.0,-17140.0,-21368.0,-20828.0,-20679.0,-24751.0,-29626.0,-29112.0,-30959.0,-32754.0,-36885.0,-36337.0,-40373.0,-39035.0,-42052.0,-45124.0,-46921.0,-46175.0,-51072.0,-49725.0,-54628.0,67,4,9629,218,1470,6195,1746,0,0,0,0,0,0,0,0,0,0,0,0,0,0,0,0,0,0,0,0,0
Black_Panther,64,40616,79,57691,-2786.0,-2624.0000000000014,-4685.741935483871,-4014.161290322583,-3254.6129032258063,-5892.354838709668,-4055.258064516129,-5754.419354838715,-6296.0,-6381.806451612903,-5600.548387096775,-5632.870967741936,-8515.548387096775,-7082.5161290322585,-8629.709677419354,-9339.0,-9741.193548387108,-9279.806451612903,-9947.0,-12855.612903225809,-11497.38709677419,-12931.774193548386,-13442.967741935488,-13408.032258064544,-13752.709677419349,-14179.0,-17017.93548387097,-16057.06451612902,-17183.83870967742,-17119.32258064518,48,6,7714,206,752,1700,827,2563,1666,0,0,0,0,0,0,0,0,0,0,0,0,0,0,0,0,0,0,0
Black_Panther,79,36906,81,85957,-4540.5161290322585,-6731.612903225807,-8942.161290322581,-10157.0,-10258.032258064515,-10711.354838709678,-11011.451612903216,-14980.741935483871,-14389.16129032258,-18516.06451612904,-17969.0,-19095.67741935484,-20911.0,-24101.16129032258,-26717.09677419355,-27152.612903225807,-27711.83870967742,-32393.41935483872,-32053.0,-33813.12903225807,-34795.54838709676,-36446.193548387055,-38568.387096774175,-38518.0,-43436.16129032258,-42890.87096774193,-45394.32258064514,-46371.0,-48061.3870967742,-48515.77419354839,62,4,6912,212,102,1565,5027,0,0,0,0,0,0,0,0,0,0,0,0,0,0,0,0,0,0,0,0,0
Black_Panther,113,39145,102,89650,-4825.516129032258,-8090.354838709677,-13725.032258064515,-11547.129032258064,-16624.290322580648,-15709.258064516129,-20077.93548387097,-20666.41935483871,-17343.387096774193,-12113.09677419355,-10914.806451612903,-17327.129032258064,-14005.225806451614,-20477.483870967742,-18528.64516129032,-24963.83870967742,-23015.06451612904,-29414.1935483871,-30381.25806451613,-33880.54838709677,-32057.90322580645,-33560.967741935514,-38904.064516129045,-38120.03225806452,-37158.93548387097,-43564.6129032258,-44393.45161290323,-47990.967741935485,-46051.645161290326,-52462.32258064516,90,9,11715,1161,1588,1926,808,850,1666,1092,876,1748,0,0,0,0,0,0,0,0,0,0,0,0,0,0,0,0
Black_Panther,58,25598,74,40977,-18.96774193548388,-585.0,-2150.6129032258104,-4002.0,-4080.0,-5006.645161290327,-6580.387096774193,-7299.387096774195,-7684.838709677419,-8452.838709677419,-9464.258064516129,-10097.806451612903,-10758.45161290323,-10104.935483870964,-12390.064516129032,-11006.258064516132,-11818.225806451614,-12368.67741935484,-11859.096774193542,-14059.41935483871,-12498.870967741945,-13490.645161290322,-14012.032258064515,-13617.4193548387,-15737.774193548386,-13993.45161290324,-15264.935483870964,-15634.387096774191,-15297.54838709676,-17279.129032258064,46,4,11840,1380,3825,788,5841,0,0,0,0,0,0,0,0,0,0,0,0,0,0,0,0,0,0,0,0,0
Boston_Marathon,36,12016,37,7656,-156.51612903225814,-237.9354838709677,-638.3225806451613,-198.3870967741936,-649.8709677419355,-312.4838709677419,-480.9032258064514,-667.4838709677424,-290.8709677419355,-754.7419354838709,-332.0645161290323,-653.8064516129033,-619.0000000000002,-362.6774193548383,-826.6129032258063,-873.5483870967743,-829.2903225806451,-849.741935483871,-1379.7096774193549,-387.5483870967514,4244.064516129032,4388.387096774195,3953.193548387097,4463.677419354839,4008.645161290323,4386.096774193548,4339.903225806454,4090.322580645161,4474.193548387097,4005.7741935483873,35,8,6089,661,397,829,415,444,410,1223,1704,0,0,0,0,0,0,0,0,0,0,0,0,0,0,0,0,0
Boston_Marathon,91,129613,99,36327,-267.22580645161275,-1050.8064516129032,-1947.7096774193549,-2907.8064516129034,-3574.064516129032,-3963.4838709677415,-3909.161290322581,-4586.903225806452,-3975.516129032258,-3412.5161290322503,-3776.2903225806463,-4615.6774193548345,-5874.967741935484,-5196.580645161291,-4261.774193548387,-5190.903225806455,-6122.322580645161,-6734.83870967741,-6183.645161290323,-5234.032258064516,-6307.483870967742,-7497.967741935487,-7509.870967741924,-3220.7741935483627,5127.709677419355,13388.258064516129,33101.8064516129,40930.45161290322,63976.90322580637,79650.45161290323,52,6,10456,378,3152,775,1657,1662,2832,0,0,0,0,0,0,0,0,0,0,0,0,0,0,0,0,0,0,0
Boston_Marathon,81,140431,83,40476,-514.3225806451613,-1651.9032258064517,-2261.8387096774195,-2618.2258064516127,-2847.032258064516,-3509.709677419354,-2901.6451612903224,-5145.451612903228,-5073.064516129032,-4485.2903225806485,-6857.032258064521,-6594.419354838709,-6114.54838709678,-8475.83870967742,-8060.774193548387,-7676.903225806455,-10006.67741935484,-9553.129032258064,-9258.354838709678,-11478.032258064515,-11000.483870967742,-10812.354838709687,-12930.387096774191,-12905.387096774197,-10312.548387096867,8916.032258064517,26966.93548387102,33878.61290322578,61758.6129032258,87722.6774193546,52,4,11597,2558,772,1573,6694,0,0,0,0,0,0,0,0,0,0,0,0,0,0,0,0,0,0,0,0,0
Caitlyn_Jenner,30,5328,31,6998,-14.838709677419352,-554.1290322580645,-403.2258064516129,-467.8387096774194,-835.129032258065,-606.3870967741934,-915.3548387096772,-702.1612903225805,-947.4516129032264,-760.3225806451603,-937.4193548387094,-818.1935483870966,-944.2580645161296,-852.0645161290329,-896.9677419354837,-855.4838709677417,-829.096774193549,-849.4193548387086,-762.0000000000015,-870.193548387095,-766.3225806451603,-976.451612903226,-922.516129032258,-1187.9032258064517,-1109.5806451612912,-1421.4838709677413,-1296.5161290322596,-1655.1935483870975,-1483.3225806451603,-1889.0322580645163,30,8,4724,501,378,421,1346,481,411,260,926,0,0,0,0,0,0,0,0,0,0,0,0,0,0,0,0,0
Caitlyn_Jenner,39,26080,214,56046,-140.0,-292.9032258064517,-1881.3225806451608,14899.354838709693,16664.96774193548,15125.354838709678,16903.58064516129,18215.1935483871,18652.0,16340.741935483871,13934.0,13682.290322580646,10274.064516129032,7972.0,4522.0,1059.0,-2422.8387096774195,-4826.1935483871,-8490.774193548415,-12950.0,-16448.0,-19962.967741935485,-23196.90322580649,-24810.0,-28303.64516129032,-28703.0,-28877.1935483871,-29203.64516129033,-29492.0,-29726.0,10,1,3792,3792,0,0,0,0,0,0,0,0,0,0,0,0,0,0,0,0,0,0,0,0,0,0,0,0
Caitlyn_Jenner,58,25327,67,36584,-999.1612903225806,-1341.3225806451612,-1442.0,-2794.903225806451,-2829.9354838709664,-4229.064516129034,-3436.1612903225787,-3691.290322580645,-3023.6129032258063,-5395.903225806452,-3612.774193548387,-5901.741935483874,-4613.612903225802,-5884.03225806452,-5805.064516129028,-5989.58064516129,-6653.935483870968,-6689.903225806452,-7182.516129032258,-7138.548387096777,-8406.483870967728,-7746.09677419355,-8967.677419354839,-8959.741935483873,-9304.935483870951,-10361.096774193556,-11007.225806451614,-11074.516129032258,-12055.41935483871,-12101.83870967742,43,7,7750,206,728,1558,2344,976,355,1571,0,0,0,0,0,0,0,0,0,0,0,0,0,0,0,0,0,0
Caitlyn_Jenner,69,25096,59,42956,-2760.1290322580644,-2549.032258064516,-3149.548387096774,-5869.32258064516,-2805.5806451612902,-4795.193548387093,-4195.161290322582,-5417.032258064516,-5691.354838709678,-6524.290322580645,-6532.193548387097,-7558.548387096775,-8077.225806451617,-8546.806451612903,-9440.806451612909,-9191.903225806447,-11106.193548387097,-9324.64516129032,-12113.451612903224,-10420.32258064516,-12972.774193548375,-11925.548387096773,-13692.999999999993,-13362.387096774191,-14914.225806451614,-14974.580645161304,-16411.483870967742,-17400.451612903227,-17909.74193548387,-18411.41935483872,55,6,7951,206,766,1440,3092,629,1818,0,0,0,0,0,0,0,0,0,0,0,0,0,0,0,0,0,0,0
Cameron_Boyce,71,37367,89,58605,-2522.5806451612902,-3142.1612903225805,-4694.935483870968,-4646.322580645161,-2944.903225806452,-5789.0,-3725.0,-6604.1612903225805,-5200.225806451613,-7131.193548387095,-7120.90322580645,-8224.741935483871,-8930.0,-9685.032258064515,-10276.258064516132,-11112.32258064516,-10606.4193548387,-11495.2258064516,-11746.032258064515,-12405.612903225809,-13779.645161290306,-13859.0,-16758.83870967742,-15530.0,-15982.612903225796,-16388.09677419355,-17493.677419354837,-19081.290322580626,-19359.0,-22270.35483870968,58,5,8648,1186,2346,2517,1402,1197,0,0,0,0,0,0,0,0,0,0,0,0,0,0,0,0,0,0,0,0
Cameron_Boyce,259,171662,178,94443,-5278.935483870968,536.6774193548343,2066.612903225805,-2422.516129032258,-2709.4193548387098,4086.387096774193,-859.3870967741933,-5368.870967741936,-4830.451612903236,-5912.774193548386,-13134.16129032258,-13880.225806451614,-13789.16129032258,-20283.09677419355,-18846.612903225803,-24431.93548387097,-18265.58064516128,-22983.12903225807,-22736.06451612912,-24533.70967741936,-16616.645161290322,-7577.58064516129,6076.5806451613,23864.548387096773,45853.5483870968,56794.25806451619,74909.61290322582,82106.48387096774,78887.32258064515,76855.93548387097,174,12,31861,1178,1940,770,1465,880,1823,1074,1047,1305,409,18770,1145,0,0,0,0,0,0,0,0,0,0,0,0,0
Cameron_Boyce,67,41823,95,50461,-1216.0,-3069.0,-2454.0,-3631.0,-2911.0,-4892.0,-4053.0,-3192.0,-2466.0,-2540.0,-3053.0,-3710.0,-4235.0,-4883.0,-5414.0,-6082.0,-7897.0,-7275.0,-7801.0,-8505.0,-11210.0,-9937.0,-12645.0,-12284.0,-13701.0,-13564.0,-8481.0,-7344.0,-7002.0,-7531.0,52,7,8583,747,1693,1674,820,1618,593,1432,0,0,0,0,0,0,0,0,0,0,0,0,0,0,0,0,0,0
Casey_Anthony,25,4680,29,5993,2.6451612903225765,-432.7096774193548,-95.25806451612902,-549.4193548387096,-109.09677419354836,-576.1290322580645,-118.93548387096772,-583.1290322580642,-197.0967741935495,-472.16129032257953,-320.4516129032268,-362.0967741935474,-438.0645161290332,-151.77419354838696,-205.0,-223.7096774193548,-668.0322580645162,-286.5483870967741,-359.0,-813.0967741935485,-803.8064516129032,-525.2258064516128,-1007.1612903225808,-712.8387096774206,-1065.548387096774,-978.5483870967752,-1148.548387096774,-1248.741935483872,-1231.032258064516,-1519.4516129032268,25,6,4180,329,1278,433,457,1431,246,0,0,0,0,0,0,0,0,0,0,0,0,0,0,0,0,0,0,0
Casey_Anthony,156,66163,152,93457,-4976.0,-44.0,-2469.0,-8069.0,-12009.0,-12714.0,-13533.0,-15064.0,-20749.0,-21497.0,-23032.0,-28709.0,-26485.0,-32122.0,-29226.0,-29222.0,-35702.0,-34175.0,-28494.0,-33025.0,-35138.0,-39568.0,-37370.0,-30663.0,-37862.0,-35672.0,-30136.0,-35507.0,-36052.0,-33632.0,121,13,13420,1184,753,965,1521,845,1551,1536,1474,609,350,417,1101,1108,0,0,0,0,0,0,0,0,0,0,0,0
Casey_Anthony,59,35750,87,53580,-2478.322580645161,-2742.6451612903224,-4184.516129032254,-4634.419354838708,-5917.903225806452,-5268.935483870968,-5974.064516129032,-6538.0,-6679.290322580649,-6510.483870967746,-6934.548387096775,-9578.967741935485,-7674.677419354851,-9807.032258064526,-10102.0,-10756.290322580646,-9588.87096774192,-11030.32258064517,-12774.129032258064,-14224.612903225809,-14775.193548387097,-13950.09677419355,-13350.6129032258,-13273.645161290347,-13241.064516129032,-14395.387096774191,-15052.064516129029,-16077.0,-18747.83870967742,-17759.67741935484,46,7,7792,206,746,748,2469,1536,1073,1014,0,0,0,0,0,0,0,0,0,0,0,0,0,0,0,0,0,0
Casey_Anthony,80,33567,105,88881,-4442.1612903225805,-5003.387096774195,-8193.35483870968,-9062.064516129032,-9735.645161290322,-8185.0,-9606.806451612903,-12773.806451612898,-14563.83870967742,-16413.354838709674,-19395.70967741936,-21182.0,-20472.35483870968,-24219.032258064493,-23991.0,-28880.032258064515,-27539.3870967742,-27745.16129032258,-32550.0,-31367.16129032258,-34615.58064516128,-36579.870967741976,-38470.77419354839,-41870.54838709677,-43660.0,-45886.67741935484,-47523.25806451612,-50024.8064516129,-51503.41935483872,-52972.54838709684,67,8,7585,212,741,2327,1691,690,862,699,351,0,0,0,0,0,0,0,0,0,0,0,0,0,0,0,0,0
Chris_Kyle,98,35909,81,45604,-2664.064516129032,-3783.0,-4877.064516129032,-6482.419354838709,-6478.096774193548,-10449.129032258064,-8568.774193548388,-3270.8387096774195,-4632.677419354837,-6210.548387096775,-6896.612903225807,-6730.258064516129,-7079.451612903226,-8187.677419354831,-9519.064516129029,-9637.935483870966,-10815.967741935492,-11815.83870967741,-12320.741935483871,-13832.09677419355,-14286.129032258072,-15447.806451612903,-17393.870967741932,-17378.06451612903,-11171.870967741936,-5944.290322580643,-6862.19354838709,-9759.935483870968,-8552.258064516118,-11050.419354838714,86,5,8848,684,4510,794,1794,1066,0,0,0,0,0,0,0,0,0,0,0,0,0,0,0,0,0,0,0,0
Chris_Kyle,48,21150,48,28487,-11.483870967741938,-802.0967741935486,-965.451612903226,-1629.1290322580649,-316.6774193548387,-2249.483870967739,-1642.548387096774,-1904.3225806451603,-3274.3548387096776,-1451.8387096774186,-2806.6451612903206,-2770.2258064516127,-2370.354838709677,-4440.774193548387,-3018.225806451612,-3907.741935483871,-4313.677419354843,-3185.8387096774195,-5435.774193548385,-4540.709677419355,-5402.1612903225805,-6349.064516129036,-4660.516129032258,-6335.451612903215,-6016.387096774193,-6276.290322580645,-8011.064516129032,-6552.000000000004,-7710.032258064516,-7849.935483870965,36,2,7263,3798,3453,0,0,0,0,0,0,0,0,0,0,0,0,0,0,0,0,0,0,0,0,0,0,0
Chris_Kyle,42,26140,181,41185,-160.0,-220.0,-1360.741935483871,-2672.1612903225805,12697.09677419355,17675.90322580645,15883.064516129032,16368.354838709678,17034.516129032258,18197.1935483871,18736.0,16505.032258064515,15302.0,13953.870967741936,13737.0,10377.0,10257.0,6885.0,3499.0,1238.0,-2196.0,-3495.0,-6914.0,-10357.0,-12899.645161290347,-13914.09677419355,-14086.354838709678,-14307.0,-14541.83870967742,-14761.83870967742,12,1,3792,3792,0,0,0,0,0,0,0,0,0,0,0,0,0,0,0,0,0,0,0,0,0,0,0,0
Chris_Kyle,21,3834,21,4015,-10.7741935483871,-260.12903225806446,-325.3225806451613,-77.38709677419354,-380.0967741935481,-408.8064516129032,-214.6774193548387,-541.1935483870965,-491.8064516129033,-151.96774193548384,-502.41935483870935,-399.4516129032259,-85.25806451612904,-459.7741935483861,-310.51612903225896,-39.54838709677416,-425.1612903225807,-241.2903225806453,-4.838709677419288,-388.483870967742,-169.90322580645255,50.87096774193552,-330.80645161290323,-151.0645161290324,-20.41935483870961,-400.1290322580645,-198.25806451612976,-85.70967741935473,-463.45161290322585,-261.77419354838827,21,3,3414,260,220,2928,0,0,0,0,0,0,0,0,0,0,0,0,0,0,0,0,0,0,0,0,0,0
Conchita_Wurst,97,58742,77,42527,-1471.1935483870968,-3026.0967741935483,-2318.6451612903224,-4366.193548387097,-5087.387096774193,-6539.290322580645,-1198.9354838709676,-1384.3870967741934,-1505.4516129032236,-4165.4838709677415,-2352.1290322580644,-5409.580645161291,-3621.5161290322585,-5293.677419354839,-5670.903225806452,-7057.161290322587,-6503.290322580645,-9599.870967741936,-8533.548387096775,-10795.870967741936,-8958.064516129032,-8940.258064516129,-11993.612903225809,-12046.645161290322,-12074.709677419354,-14097.032258064515,-15516.290322580646,-17050.354838709678,-11795.161290322578,-11992.064516129023,83,4,7624,1942,2268,2046,1362,0,0,0,0,0,0,0,0,0,0,0,0,0,0,0,0,0,0,0,0,0
Conchita_Wurst,65,32353,66,34342,-357.51612903225805,-2114.806451612903,-1187.4838709677429,-3258.419354838709,-1590.5806451612902,-3994.7741935483873,-2211.6129032258063,-4606.032258064516,-2858.4838709677406,-4935.1612903225805,-3431.6774193548385,-5506.9354838709605,-4355.93548387097,-6764.806451612903,-4900.741935483871,-7327.064516129032,-5483.774193548387,-7871.032258064517,-7563.451612903226,-8836.645161290322,-7792.8387096774195,-8169.354838709677,-9275.290322580648,-2104.3548387096853,1244.0967741935483,-1078.258064516117,147.0645161290323,-2308.612903225807,-949.967741935484,-3385.870967741936,50,5,8829,2135,3451,788,410,2045,0,0,0,0,0,0,0,0,0,0,0,0,0,0,0,0,0,0,0,0
Conchita_Wurst,32,10080,33,7094,-15.93548387096774,-565.9677419354839,909.1935483870968,4670.258064516129,4524.580645161291,4772.387096774193,4323.612903225807,4602.5161290322585,4161.645161290323,4396.645161290323,3984.8387096774186,4221.645161290323,3973.516129032258,4113.064516129034,4024.806451612904,3974.096774193549,3963.9032258064494,3694.741935483871,3964.999999999999,3580.935483870967,4010.3548387096776,3528.354838709677,3847.483870967742,3373.3870967741937,3626.6129032258063,3160.4193548387098,3405.741935483871,2947.451612903226,3184.870967741936,2734.483870967742,30,7,4233,749,762,1487,287,230,463,255,0,0,0,0,0,0,0,0,0,0,0,0,0,0,0,0,0,0
Conchita_Wurst,28,4912,28,5621,-354.03225806451616,-87.25806451612902,-460.0967741935484,-163.51612903225805,-555.1612903225807,-319.4838709677421,-542.8709677419353,-491.1290322580646,-414.8064516129032,-641.8709677419363,-251.4193548387097,-616.3870967741935,-210.67741935483872,-594.4516129032259,-309.93548387096774,-673.0322580645159,-376.000000000001,-467.67741935483855,-476.0322580645171,-228.5483870967728,-538.6774193548387,-251.83870967741936,-627.741935483871,-357.0967741935483,-751.8064516129034,-471.61290322580624,-782.6129032258061,-688.3870967741941,-746.1935483870952,-905.9354838709672,28,4,4352,260,509,2283,1300,0,0,0,0,0,0,0,0,0,0,0,0,0,0,0,0,0,0,0,0,0
Copa_America,30,10757,31,6186,5.161290322580648,-427.6774193548387,-158.06451612903226,-596.3548387096774,-223.7741935483872,-666.0322580645161,-278.48387096774195,-723.7096774193549,-333.1935483870968,-783.3870967741935,-348.9032258064516,-803.0645161290322,-320.61290322580646,-778.741935483871,-828.3225806451612,-799.4193548387096,-279.03225806451616,-319.0967741935483,-531.8709677419372,1018.3225806451828,4320.903225806452,4319.419354838709,4354.0,4144.741935483871,4410.806451612903,4135.67741935484,4443.741935483869,4110.225806451612,4500.806451612904,4105.193548387097,29,5,4950,1028,384,425,1696,1411,0,0,0,0,0,0,0,0,0,0,0,0,0,0,0,0,0,0,0,0
Copa_America,213,166258,151,84423,-4328.064516129033,-10085.90322580645,-14449.129032258064,-14750.516129032258,-18352.51612903226,-20953.032258064515,-26225.870967741936,-31854.67741935484,-36405.3870967742,-40928.096774193546,-38947.8064516129,-45376.51612903226,-49946.8064516129,-47825.9032258065,-42547.548387096766,-46773.161290322576,-53059.06451612903,-43566.096774193546,-35879.838709677424,-26849.451612903224,-13862.612903225809,-4003.870967741936,9095.032258064512,19646.90322580645,25761.774193548405,32462.19354838709,45236.09677419355,53679.38709677416,65716.67741935483,73406.83870967742,146,11,36276,1172,753,206,1538,776,820,846,1764,1067,1737,25585,0,0,0,0,0,0,0,0,0,0,0,0,0,0
Copa_America,47,34318,74,47580,-1271.3870967741937,-563.0967741935484,-3161.1612903225805,-2502.0,-1142.0,-3784.3225806451615,-3121.0,-2995.903225806455,-2890.935483870968,-4384.483870967742,-5616.806451612905,-5628.0,-4914.129032258064,-6515.32258064516,-6093.225806451613,-7539.193548387097,-7405.129032258063,-7295.870967741936,-9947.354838709678,-8836.806451612892,-9925.129032258064,-9017.064516129032,-9662.0,-12342.290322580646,-11678.0,-11776.741935483888,-11405.806451612903,-12071.290322580644,-14309.548387096787,-14080.0,35,7,8806,733,2259,803,834,833,836,2502,0,0,0,0,0,0,0,0,0,0,0,0,0,0,0,0,0,0
Copa_America,75,32341,86,81122,-2405.0,-4386.774193548387,-6556.0,-8520.387096774193,-10326.0,-11534.58064516129,-11979.709677419354,-13536.451612903218,-16023.903225806453,-16250.870967741936,-21134.06451612904,-20605.0,-21065.90322580645,-23129.06451612905,-23473.8064516129,-28357.548387096773,-27740.61290322581,-31930.74193548387,-31371.0,-33155.93548387097,-33591.12903225807,-34712.90322580643,-37785.22580645165,-38498.29032258064,-41405.290322580615,-42068.0,-43808.6129032258,-49946.0,-49424.22580645161,-48716.25806451613,63,6,9492,212,736,1487,1180,4160,1711,0,0,0,0,0,0,0,0,0,0,0,0,0,0,0,0,0,0,0
Coronavirus,44,30910,66,41767,-83.2258064516129,-85.61290322580646,-534.6774193548388,-3139.2258064516127,-2495.0,-1132.3548387096776,-3457.4838709677424,-3094.0,-2377.8387096774213,-3048.3225806451683,-3707.0,-4299.806451612906,-3467.935483870968,-4949.1612903225805,-5589.096774193548,-4689.612903225807,-6169.83870967742,-6806.516129032258,-6022.0645161290295,-7215.870967741941,-8471.096774193553,-7912.096774193546,-7737.0,-10250.70967741936,-9746.0,-8917.870967741936,-11584.774193548388,-10926.0,-10104.548387096776,-12750.193548387097,32,6,7353,756,788,804,787,1680,2538,0,0,0,0,0,0,0,0,0,0,0,0,0,0,0,0,0,0,0
Coronavirus,67,29413,71,70579,-4642.129032258064,-4416.0,-4463.548387096775,-6116.000000000001,-10929.645161290322,-10371.0,-10481.387096774188,-13832.032258064515,-13320.645161290322,-15186.290322580646,-15653.67741935484,-16477.161290322583,-21028.25806451613,-20617.0,-20865.451612903234,-24731.06451612904,-24207.0,-26012.322580645163,-26462.8064516129,-27393.93548387097,-31298.483870967724,-31308.161290322583,-31026.999999999985,-35404.096774193546,-34872.0,-36666.35483870968,-37106.93548387097,-37617.0,-41474.93548387093,-41683.32258064517,56,4,8251,212,736,1482,5815,0,0,0,0,0,0,0,0,0,0,0,0,0,0,0,0,0,0,0,0,0
Coronavirus,26,4663,27,5603,-439.5483870967742,-154.38709677419354,-621.6451612903226,-279.45161290322574,-490.25806451612925,-568.0000000000001,-288.35483870967744,-732.3870967741935,-330.741935483871,-802.483870967742,-431.4193548387088,-606.9677419354837,-726.6451612903223,-476.7096774193549,-925.2258064516128,-429.0967741935484,-905.3225806451612,-584.4838709677422,-743.4838709677422,-967.8709677419356,-1027.0645161290322,-987.0645161290322,-497.45161290322574,-550.1612903225807,-539.8387096774194,-1089.258064516129,-900.2258064516129,-978.8387096774196,-1439.9032258064517,-1262.7741935483878,26,3,4139,2165,849,1125,0,0,0,0,0,0,0,0,0,0,0,0,0,0,0,0,0,0,0,0,0,0
Coronavirus,22,4573,22,4400,-364.0967741935484,-119.19354838709674,-192.03225806451604,-453.3870967741936,-160.93548387096774,-373.5806451612901,-531.6774193548387,-152.0967741935484,-457.645161290323,-438.6129032258058,-124.25806451612904,-510.1612903225807,-309.77419354838656,-114.41935483870968,-489.45161290322574,-160.87096774193498,-103.1612903225806,-420.7419354838709,-73.19354838709648,-229.8709677419367,-443.0322580645161,68.48387096774192,-194.09677419354952,-279.29032258064586,69.32258064516128,-287.8387096774204,-174.48387096774,72.16129032258064,-313.8064516129032,-10.387096774191209,22,5,4133,260,643,391,1996,843,0,0,0,0,0,0,0,0,0,0,0,0,0,0,0,0,0,0,0,0
Coronavirus_symptoms,80,55614,124,81526,-3059.8387096774195,-1059.7096774193549,-3019.0,-3101.3548387096776,-2908.774193548387,-4354.032258064516,-4128.4838709677415,-4669.83870967742,-5436.0,-5974.548387096774,-8054.225806451613,-8103.806451612906,-8342.612903225807,-10412.741935483871,-10145.32258064516,-10691.67741935484,-12777.258064516129,-13354.387096774191,-13045.741935483871,-15453.774193548388,-15674.451612903224,-16222.806451612903,-18828.290322580644,-19043.516129032258,-19594.870967741936,-22204.8064516129,-22415.58064516129,-22973.93548387097,-24239.22580645161,-26151.225806451614,59,7,11138,734,2388,3369,2576,349,1056,654,0,0,0,0,0,0,0,0,0,0,0,0,0,0,0,0,0,0
Coronavirus_symptoms,123,51288,145,132655,-4618.387096774193,-6902.064516129034,-10305.645161290322,-11914.193548387097,-15134.935483870968,-16205.290322580646,-20560.0,-24727.09677419355,-26000.483870967742,-26942.483870967742,-30997.580645161288,-33332.51612903225,-34081.12903225807,-41660.38709677423,-41915.48387096773,-45126.70967741935,-48027.32258064516,-53481.967741935485,-54728.96774193549,-56492.967741935485,-59839.483870967735,-60726.0,-60841.6129032258,-65117.61290322581,-68010.32258064515,-72948.5483870968,-72998.12903225806,-75658.83870967742,-77161.90322580645,-81439.25806451614,103,7,12080,224,735,7299,1698,360,1086,672,0,0,0,0,0,0,0,0,0,0,0,0,0,0,0,0,0,0
Coronavirus_symptoms,38,7276,38,9252,-302.83870967741933,-580.5806451612904,-225.0967741935484,-677.0322580645161,-407.9677419354838,-439.4193548387093,-800.8064516129033,-360.258064516129,-782.6129032258059,-717.4838709677417,-437.9354838709673,-896.0967741935483,-515.4193548387096,-801.2258064516138,-853.5483870967739,-454.5161290322581,-919.3870967741937,-508.5161290322597,-704.0322580645169,-1058.1612903225807,-773.6774193548388,-1230.6774193548383,-1161.7096774193565,-1197.7096774193535,-1639.451612903226,-1363.8387096774193,-1764.161290322582,-1870.451612903224,-1740.9354838709678,-2220.741935483871,38,6,6516,2165,480,1310,1288,257,1016,0,0,0,0,0,0,0,0,0,0,0,0,0,0,0,0,0,0,0
Coronavirus_symptoms,40,7494,40,8090,-189.90322580645164,-466.8064516129032,-173.83870967741936,-405.80645161290334,-506.41935483870935,-121.67741935483872,-459.9677419354846,-362.1612903225805,-38.51612903225808,-414.03225806451616,-229.8709677419353,56.516129032258505,-315.741935483871,9.451612903227216,-25.0645161290318,-310.45161290322585,175.5806451612904,32.483870967742604,-107.16129032258068,224.74193548387103,-92.93548387096732,-197.1612903225804,3.903225806451673,-374.67741935483866,-323.80645161290306,-216.9354838709677,-609.3870967741937,-449.4193548387068,-485.1935483870955,-844.0967741935483,40,8,6694,260,643,391,1627,1684,560,513,1016,0,0,0,0,0,0,0,0,0,0,0,0,0,0,0,0,0
Coronavirus_update,92,58847,148,78979,-905.064516129032,-1118.7096774193549,-841.0322580645161,-1130.709677419355,-3240.2903225806485,-3219.0,-5230.0,-4556.0,-6537.0,-6609.967741935474,-7443.967741935491,-8983.129032258064,-10149.0,-10320.70967741934,-10579.0,-11124.83870967742,-14428.129032258064,-13971.387096774206,-14116.0,-16140.0,-16244.225806451614,-19643.7741935484,-19287.80645161289,-20763.25806451613,-23492.483870967742,-21422.90322580645,-22054.290322580644,-20507.967741935485,-17153.645161290322,-20463.548387096755,70,6,11754,752,783,2244,5070,2605,294,0,0,0,0,0,0,0,0,0,0,0,0,0,0,0,0,0,0,0
Coronavirus_update,112,46571,155,123122,-2635.483870967744,-4495.0,-10925.451612903224,-9931.870967741936,-9052.0,-13009.90322580645,-14330.12903225806,-18451.0,-22618.35483870968,-23871.83870967742,-24900.290322580644,-25607.0,-29673.0,-34032.0,-37241.58064516126,-40579.19354838713,-41995.64516129035,-43829.83870967742,-47166.225806451606,-49945.67741935484,-50898.645161290326,-55251.0,-57818.51612903226,-61425.6129032258,-62907.3870967742,-67092.77419354838,-69973.25806451614,-73599.54838709677,-73888.12903225806,-75090.12903225806,94,5,11334,218,759,1463,5819,3063,0,0,0,0,0,0,0,0,0,0,0,0,0,0,0,0,0,0,0,0
Coronavirus_update,34,6650,34,8261,-376.6451612903226,-343.67741935483855,-377.7741935483873,-594.1290322580642,-282.00000000000034,-745.8064516129033,-330.0967741935484,-790.741935483871,-362.8387096774194,-806.6774193548388,-537.8709677419338,-756.6451612903236,-681.9999999999998,-609.1935483870977,-938.9032258064497,-473.9354838709677,-951.451612903226,-459.6774193548387,-919.3870967741937,-445.4193548387096,-871.3225806451619,-727.2903225806417,-929.4193548387112,-1106.8709677419336,-1023.2258064516136,-1471.1612903225807,-1181.516129032258,-1659.0967741935483,-1386.258064516129,-1847.0322580645163,34,3,5970,1415,2540,2015,0,0,0,0,0,0,0,0,0,0,0,0,0,0,0,0,0,0,0,0,0,0
Coronavirus_update,36,6871,36,7263,-260.6129032258064,-337.5806451612905,-168.22580645161264,-548.4516129032257,-157.25806451612902,-518.6774193548387,-229.80645161290315,-259.7096774193544,-460.225806451614,-38.51612903225808,-420.7419354838709,-79.41935483870975,-339.0967741935476,-144.67741935483855,17.22580645161463,-320.8064516129032,77.32258064516128,-297.032258064516,123.19354838709545,32.483870967742604,-20.612903225808964,221.06451612903217,-174.09677419354833,93.1612903225805,-257.7096774193534,-177.96774193548512,-200.09677419354807,-532.1612903225807,-244.09677419354847,-631.3870967741933,36,7,6151,260,643,391,374,756,2725,1002,0,0,0,0,0,0,0,0,0,0,0,0,0,0,0,0,0,0
Cory_Monteith,84,23351,62,42399,-1332.8709677419356,-1878.806451612904,-3813.58064516129,-1963.0967741935488,-4434.967741935484,-2043.9677419354823,-5063.354838709677,-6542.709677419357,-5950.387096774194,-5141.741935483871,-8256.129032258064,-6365.290322580645,-9497.516129032258,-7805.161290322575,-10099.096774193546,-9371.06451612903,-11019.225806451625,-10997.83870967742,-12218.67741935484,-12625.483870967742,-13819.064516129032,-14214.032258064515,-15524.451612903224,-15904.58064516129,-17230.83870967742,-18693.129032258064,-17628.90322580645,-18930.41935483871,-19322.451612903227,-19126.8064516129,70,6,6315,804,1787,1430,900,696,698,0,0,0,0,0,0,0,0,0,0,0,0,0,0,0,0,0,0,0
Cory_Monteith,61,27303,74,35533,-597.0,-631.0,-1202.6774193548383,-1156.0,-2197.1290322580644,-3491.4193548387098,-3993.3225806451615,-4946.806451612903,-4335.064516129035,655.741935483871,-132.45161290322278,-1624.451612903234,-112.74193548387105,-2469.612903225808,-1574.483870967754,-2016.4516129032256,-2540.8387096774195,-2112.967741935476,-4242.290322580645,-2498.064516129032,-4313.225806451599,-4738.967741935484,-4774.774193548387,-6198.096774193566,-5309.580645161291,-7494.903225806459,-6279.387096774193,-7657.870967741934,-7362.999999999996,-9685.774193548386,48,7,8275,378,3185,790,1906,831,394,791,0,0,0,0,0,0,0,0,0,0,0,0,0,0,0,0,0,0
Cory_Monteith,26,4385,26,6292,-453.3870967741936,-87.09677419354838,-557.1612903225806,-329.03225806451604,-443.67741935483855,-674.4193548387098,-332.8387096774194,-787.0967741935484,-536.9354838709678,-911.1290322580642,-881.9677419354836,-831.6129032258063,-1213.032258064516,-908.6774193548388,-1377.8064516129032,-1017.9999999999995,-1212.4838709677415,-1351.9677419354834,-1123.4193548387098,-1576.741935483871,-1263.516129032258,-1699.9032258064528,-1540.7419354838694,-1552.516129032258,-1874.6774193548383,-1577.258064516129,-2045.4516129032256,-1727.9677419354834,-2040.580645161292,-2086.161290322579,26,6,3865,351,862,223,975,585,869,0,0,0,0,0,0,0,0,0,0,0,0,0,0,0,0,0,0,0
Cory_Monteith,26,4567,26,5213,-357.38709677419354,-82.09677419354838,-470.1612903225807,-242.03225806451604,-324.9354838709676,-505.1612903225807,-159.83870967741936,-532.0967741935484,-281.93548387096774,-593.4193548387094,-473.7096774193543,-325.0322580645161,-635.0322580645161,-221.67741935483872,-608.8064516129032,-248.9999999999996,-401.1612903225805,-500.9677419354834,-272.4193548387097,-643.741935483871,-330.51612903225805,-692.8387096774204,-525.7419354838695,-516.3548387096773,-777.6774193548387,-480.25806451612914,-866.4516129032259,-548.9677419354836,-808.6774193548399,-825.1612903225791,26,5,4047,1126,383,404,680,1454,0,0,0,0,0,0,0,0,0,0,0,0,0,0,0,0,0,0,0,0
DMX,5,1028,5,977,-25.344086021505376,-22.799283154121863,-20.254480286738342,-12.451612903225808,-4.06451612903226,4.322580645161292,-112.19354838709668,-259.9354838709677,-407.6774193548388,-446.1290322580645,-437.741935483871,-429.35483870967744,-335.4193548387097,-184.451612903226,-33.48387096774189,38.7741935483871,32.322580645161295,25.87096774193548,-37.22580645161285,-185.29032258064493,-333.3548387096775,-434.483870967742,-426.0967741935484,-417.7096774193548,-379.9032258064517,-224.41935483870984,-68.93548387096803,70.35483870967744,63.9032258064516,57.4516129032258,5,1,928,922,0,0,0,0,0,0,0,0,0,0,0,0,0,0,0,0,0,0,0,0,0,0,0,0
DMX,30,7161,28,23454,8.580645161290324,17.161290322580648,-3144.1612903225805,-3368.4193548387098,-2578.0967741935483,-4964.129032258064,-4879.483870967742,-4539.354838709677,-7972.774193548385,-8061.548387096775,-7226.709677419358,-6554.032258064516,-7468.87096774193,-9987.322580645156,-13032.58064516129,-13032.58064516129,-13728.225806451612,-13847.387096774191,-13798.741935483871,-13315.645161290327,-12711.451612903224,-12518.225806451614,-12579.935483870968,-11816.064516129032,-13913.290322580644,-16439.74193548386,-18231.58064516129,-18182.93548387097,-17866.93548387097,-16992.419354838712,26,4,3097,1172,101,988,830,0,0,0,0,0,0,0,0,0,0,0,0,0,0,0,0,0,0,0,0,0
DMX,11,7437,19,9659,-1224.8064516129032,-732.6774193548385,245.32258064516128,-668.8709677419359,-1145.032258064516,-2336.1290322580658,-2352.5806451612902,-1759.1612903225794,-275.03225806451616,-1175.9354838709685,-1738.0,-1738.0,-1680.5806451612898,-963.1612903225806,-986.3870967741937,-1816.7096774193565,-2388.709677419354,-3500.1935483871,-3458.1290322580608,-1492.516129032258,-2070.4516129032304,-2961.0,-2384.032258064515,-2165.4193548387098,-2168.6451612903224,-2188.0,-2195.0967741935483,-2218.322580645161,-2210.3870967741937,-2218.774193548388,8,2,1609,792,811,0,0,0,0,0,0,0,0,0,0,0,0,0,0,0,0,0,0,0,0,0,0,0
DMX,19,6651,26,23796,-3969.0,-3969.0,-3981.258064516129,-3998.677419354839,-4036.096774193548,-6440.0,-6656.48387096774,-8651.838709677419,-8441.322580645161,-8426.0,-8457.612903225807,-8474.258064516129,-9224.516129032254,-10798.967741935485,-9959.290322580646,-12357.870967741932,-12475.032258064515,-14829.387096774191,-13775.000000000002,-13511.903225806444,-14283.0,-14180.419354838714,-13645.354838709674,-16092.516129032258,-17905.8064516129,-18400.225806451614,-16541.322580645163,-17879.0,-17884.16129032258,-17107.58064516129,17,2,2591,211,2374,0,0,0,0,0,0,0,0,0,0,0,0,0,0,0,0,0,0,0,0,0,0,0
David_Bowie,85,33870,74,34944,-1446.516129032258,-3064.2580645161293,-3117.3870967741937,-3239.1290322580644,-3353.6451612903224,-3263.774193548388,-4440.6774193548345,-6733.774193548385,-8964.161290322581,-6355.1612903225805,1240.2580645161315,8991.451612903225,7833.064516129029,6364.677419354837,8370.258064516129,5268.935483870968,7127.225806451613,7051.709677419355,5021.451612903238,5485.709677419354,3149.4838709677524,4386.451612903227,1282.032258064516,3204.612903225807,2102.387096774224,91.64516129032268,-109.09677419354269,-887.4516129032256,93.03225806451644,-3026.870967741935,73,4,6635,1579,797,1418,2829,0,0,0,0,0,0,0,0,0,0,0,0,0,0,0,0,0,0,0,0,0
David_Bowie,45,20460,47,28300,-2276.1612903225805,-2051.0,-3181.483870967742,-2557.1935483870966,-4768.806451612903,-3546.645161290321,-4202.129032258064,-5003.677419354839,-3452.8064516129034,-5108.580645161288,-4785.096774193548,-4570.258064516133,-6464.096774193548,-5049.290322580644,-5943.419354838709,-6482.25806451613,-5215.967741935484,-7174.451612903224,-6566.258064516129,-6622.322580645156,-8182.387096774193,-6539.516129032263,-6320.709677419355,-8488.032258064522,-7663.129032258064,-7945.774193548394,-9251.354838709678,-7405.677419354836,-8638.677419354839,-8715.612903225805,35,4,9076,206,3879,772,4219,0,0,0,0,0,0,0,0,0,0,0,0,0,0,0,0,0,0,0,0,0
David_Bowie,26,4990,27,5602,-439.5483870967742,-3.38709677419355,-470.64516129032256,-66.38709677419348,-265.25806451612925,-460.1612903225806,-517.3548387096774,-474.3870967741936,-36.74193548387096,-86.48387096774192,-79.12903225806456,-625.5806451612904,-439.5161290322581,-521.4193548387098,-970.2258064516128,-777.4516129032256,-540.7419354838718,-951.8709677419356,-511.6774193548387,-979.9677419354838,-592.290322580644,-857.3870967741954,-914.5483870967748,-746.9999999999995,-1177.7096774193549,-686.0322580645161,-1158.8064516129032,-716.3225806451595,-945.1612903225796,-963.1612903225812,26,6,4466,864,1037,430,392,285,1458,0,0,0,0,0,0,0,0,0,0,0,0,0,0,0,0,0,0,0
David_Bowie,30,10587,30,5223,-15.677419354838708,-501.7096774193549,632.41935483871,1978.2258064516127,3337.5806451612907,4336.193548387097,4577.935483870968,4657.032258064516,4419.903225806452,4736.903225806452,4355.548387096775,4813.4838709677415,4425.193548387097,4912.064516129032,4516.83870967742,4953.290322580646,4604.677419354837,4978.129032258066,4737.806451612903,4960.451612903226,4810.193548387096,4928.612903225806,4875.83870967742,4861.064516129033,4867.741935483869,4809.645161290325,5006.903225806452,4844.967741935485,5179.32258064516,4903.16129032258,27,4,5643,1398,430,2070,1745,0,0,0,0,0,0,0,0,0,0,0,0,0,0,0,0,0,0,0,0,0
Disney_Plus,27,10397,28,5678,-437.8709677419355,-29.967741935483872,-489.61290322580646,-95.93548387096774,-514.6451612903227,-279.6129032258067,-345.3225806451616,-503.7741935483872,-176.3548387096774,-619.7096774193549,-153.32258064516128,-617.4516129032259,-130.29032258064512,-538.1612903225812,-310.5806451612902,-335.99999999999983,-519.6774193548392,-146.70967741935482,-595.5483870967741,-648.6774193548388,-626.2903225806451,-628.3225806451618,-84.12903225806448,-73.6129032258064,-609.7741935483872,4627.41935483871,4478.129032258064,4656.645161290323,4505.096774193547,4379.774193548387,26,3,4650,399,2094,2157,0,0,0,0,0,0,0,0,0,0,0,0,0,0,0,0,0,0,0,0,0,0
Disney_Plus,139,54768,135,79592,-3379.1935483870966,-4944.903225806452,-3782.806451612904,1164.225806451613,-947.0645161290328,-7279.16129032258,-8589.451612903216,-7494.548387096775,-8347.741935483871,-10712.741935483871,-8914.225806451614,-15192.967741935488,-14964.838709677388,-19659.322580645163,-18180.64516129032,-15474.387096774191,-7765.16129032258,-4755.483870967742,-7630.96774193548,-10037.483870967742,-15747.258064516129,-12898.22580645168,-8059.806451612903,-14438.645161290322,-18073.61290322573,-17137.064516129052,-23375.225806451614,-25589.806451612865,-25656.58064516129,-24908.225806451614,106,8,11226,1214,1006,2954,804,1025,1708,922,1538,0,0,0,0,0,0,0,0,0,0,0,0,0,0,0,0,0
Disney_Plus,49,31984,71,42543,-1260.4193548387098,-2632.709677419354,-3077.612903225807,-4200.322580645159,-1731.3870967741934,-1639.5161290322585,-1323.8387096774136,-987.774193548392,-3445.774193548388,-2794.0,-2051.451612903226,-4488.612903225796,-2594.806451612903,-3289.483870967742,-3702.516129032248,-4385.548387096789,-5321.516129032258,-5976.548387096775,-5369.967741935476,-6042.645161290327,-8465.806451612903,-7801.0,-7210.903225806446,-8356.741935483908,-8159.935483870968,-9616.903225806453,-8819.580645161266,-9736.096774193562,-12031.16129032258,-11359.0,36,6,6684,995,787,785,769,1658,1690,0,0,0,0,0,0,0,0,0,0,0,0,0,0,0,0,0,0,0
Disney_Plus,68,30344,77,74639,-2405.0,-4610.0,-6796.645161290323,-9773.83870967742,-11358.54838709678,-14301.032258064515,-14289.354838709678,-16348.580645161295,-16553.0,-18416.483870967742,-19195.99999999999,-19798.83870967742,-24333.129032258064,-23775.0,-25573.225806451614,-26014.09677419355,-26580.290322580644,-29087.870967741936,-30207.93548387097,-30787.80645161289,-34841.41935483872,-34499.0,-36280.6129032258,-36700.645161290326,-37198.0,-42121.25806451613,-41409.87096774194,-43245.35483870968,-43687.6129032258,-45063.8064516129,57,5,8421,218,1574,2395,780,3454,0,0,0,0,0,0,0,0,0,0,0,0,0,0,0,0,0,0,0,0
Ebola,33,9045,25,16444,-1469.516129032258,-832.1290322580644,-1847.870967741936,-2273.064516129032,-3749.58064516129,-3727.7741935483873,-3731.451612903226,-5817.129032258064,-5633.709677419355,-4721.258064516129,-4567.709677419355,-4618.193548387097,-3788.83870967742,-3826.903225806452,-3808.0,-5414.258064516129,-5906.96774193549,-6843.290322580645,-5762.225806451613,-4996.290322580645,-6589.516129032259,-6593.354838709677,-8073.870967741936,-7318.516129032256,-6536.451612903222,-7017.612903225807,-7825.935483870968,-9308.451612903224,-9057.870967741934,-8137.709677419351,29,2,4199,747,3452,0,0,0,0,0,0,0,0,0,0,0,0,0,0,0,0,0,0,0,0,0,0,0
Ebola,26,9468,35,17364,1.4838709677419395,-6.064516129032242,-973.3870967741937,-983.0645161290322,-1470.645161290323,-1144.0,-1205.2258064516127,-2236.0,-3520.0,-3305.1612903225805,-3329.6774193548385,-4637.0,-5592.677419354839,-5392.0,-5842.838709677415,-6016.645161290325,-6811.419354838707,-8111.322580645161,-7028.806451612903,-6214.322580645161,-7499.709677419355,-8589.83870967742,-7393.483870967746,-7325.258064516122,-8782.161290322576,-8226.548387096778,-7324.935483870968,-8647.612903225807,-9741.741935483871,-8678.483870967742,22,4,4768,596,205,773,3188,0,0,0,0,0,0,0,0,0,0,0,0,0,0,0,0,0,0,0,0,0
Ebola,15,2367,16,2716,-20.0,6.0,-452.0,-426.0,81.0,61.0,-398.0,-372.0,87.0,67.0,-393.0,-367.0,-418.0,-438.0,-412.0,-386.0,70.0,50.0,10.0,36.0,16.0,-540.0,-514.0,-336.0,-356.0,-427.0,-888.0,-862.0,-836.0,-329.0,15,1,2063,2057,0,0,0,0,0,0,0,0,0,0,0,0,0,0,0,0,0,0,0,0,0,0,0,0
Ebola,10,2470,14,2143,-377.5161290322581,-354.03225806451616,-72.22580645161298,28.741935483870968,-9.45161290322578,-62.74193548387095,-97.0,-97.0,-145.51612903225802,-472.1612903225807,-448.6774193548387,-11.709677419355216,57.16129032258064,52.0,41.03225806451612,32.0,24.90322580645164,-85.29032258064507,-360.8064516129032,-307.6451612903235,131.32258064516174,129.5806451612903,-165.6451612903223,-233.3870967741936,36.2903225806441,215.32258064516128,58.290322580645295,-166.45161290322585,-52.193548387097735,345.06451612903226,10,3,2270,376,505,1389,0,0,0,0,0,0,0,0,0,0,0,0,0,0,0,0,0,0,0,0,0,0
Election,71,25435,62,29208,-47.41935483870969,-1446.838709677418,-1502.258064516129,-3018.6774193548385,-3091.0967741935483,-3206.0,-3183.935483870968,-5057.354838709677,-5833.096774193548,126.22580645161295,5158.903225806452,3738.967741935483,2547.548387096774,4169.419354838704,4259.612903225807,4189.1612903225805,2320.387096774203,1186.4516129032256,-645.6774193548446,303.903225806452,-519.8064516129034,-1935.225806451613,-326.1612903225747,-3179.0645161290327,-1325.9354838709671,-3799.354838709653,-3284.2903225806576,-4166.741935483871,-4545.645161290323,-3846.322580645161,62,2,6235,2038,4142,0,0,0,0,0,0,0,0,0,0,0,0,0,0,0,0,0,0,0,0,0,0,0
Election,33,14292,35,20782,-1549.9032258064517,-2251.0,-2101.4516129032254,-3184.1612903225805,-2377.8064516129034,-2397.7419354838707,-3653.032258064516,-4673.419354838708,-3468.032258064515,-3755.5161290322594,-5214.032258064517,-4305.935483870968,-3612.096774193548,-4915.064516129032,-6006.354838709677,-4851.290322580642,-4660.032258064521,-6166.451612903229,-5576.258064516126,-4689.225806451613,-6009.096774193548,-7104.387096774193,-6049.709677419355,-5562.516129032269,-7107.322580645171,-6943.064516129023,-5909.774193548381,-7215.129032258064,-8314.41935483871,-7247.8387096774195,26,2,6311,205,6106,0,0,0,0,0,0,0,0,0,0,0,0,0,0,0,0,0,0,0,0,0,0,0
Election,15,2947,15,3387,-19.532814238042302,4.322580645161292,-407.6774193548388,-429.35483870967744,-119.0322580645161,-76.12903225806451,-435.3548387096775,-519.7096774193549,-249.7096774193544,-155.5483870967742,-458.7741935483869,-606.0645161290322,-356.77419354838656,-194.96774193548387,-441.9354838709675,-652.4193548387096,-452.4838709677414,-234.3870967741936,-424.8387096774192,-698.7741935483871,-559.0967741935478,-306.8064516129032,-440.4838709677418,-778.1290322580645,-683.0967741935477,-374.2258064516129,-450.8709677419354,-852.483870967742,-802.6129032258058,-420.64516129032256,15,1,2647,2641,0,0,0,0,0,0,0,0,0,0,0,0,0,0,0,0,0,0,0,0,0,0,0,0
Election,16,3290,16,3188,-374.1612903225807,-323.8387096774194,39.064516129032256,-27.51612903225802,-350.80645161290323,-262.4193548387097,10.48387096774194,-102.29032258064508,-374.45161290322585,-235.67741935483883,9.9032258064516,-149.32258064516117,-370.0967741935484,-168.93548387096791,47.32258064516128,-158.6129032258063,-327.741935483871,-89.54838709677509,61.74193548387096,-191.16129032258044,-308.3870967741936,-32.4516129032254,62.16129032258064,-237.9677419354836,-303.03225806451616,26.58064516128934,71.58064516129032,-276.0322580645158,-288.6774193548388,108.80645161290364,16,2,2970,1065,1905,0,0,0,0,0,0,0,0,0,0,0,0,0,0,0,0,0,0,0,0,0,0,0
Election_results,38,12497,39,8148,-215.6129032258065,-71.80645161290323,-527.258064516129,-160.70967741935485,-423.2258064516127,-620.3870967741932,-233.74193548387092,-685.3548387096774,-485.2903225806455,-433.4193548387093,-846.6129032258065,-436.1290322580645,-759.2580645161295,-849.7741935483868,-475.1612903225806,-937.7096774193548,-576.677419354839,-548.9354838709671,-883.9677419354838,-357.54838709677426,-758.6451612903218,-825.870967741937,-1020.5806451612904,-996.0645161290324,-484.8709677419354,-506.6129032258064,-689.0322580645256,4096.935483870968,4302.354838709677,3824.4193548387098,37,6,6530,709,398,399,1135,1306,2577,0,0,0,0,0,0,0,0,0,0,0,0,0,0,0,0,0,0,0
Election_results,43,26160,233,61370,-160.0,-1066.8387096774204,-2909.709677419355,6859.999999999999,15359.516129032258,15180.0,16981.322580645163,18558.774193548383,17543.0,15326.0,13862.0,11304.90322580646,9612.193548387084,5799.838709677419,2330.0,-2101.0,-3453.258064516128,-8423.451612903214,-12492.0,-17137.0,-20603.032258064515,-24095.0,-25577.45161290325,-29911.0,-33437.83870967742,-33823.0,-34094.61290322581,-34419.70967741936,-34654.61290322581,-34946.0,11,1,3792,3792,0,0,0,0,0,0,0,0,0,0,0,0,0,0,0,0,0,0,0,0,0,0,0,0
Election_results,98,105781,111,44938,-613.6774193548388,-1233.0,2541.1290322580644,1807.5806451612905,602.9032258064549,714.2580645161273,-86.8709677419355,-962.8387096774192,-2396.548387096774,-2589.7741935483814,-2389.225806451613,-2500.96774193548,-2284.6129032258063,-3209.516129032259,-4218.322580645161,-5486.58064516129,-6419.258064516129,-4661.870967741928,-719.7741935483898,-2267.774193548388,-1926.4193548386968,-2024.806451612903,26766.193548387088,38168.48387096774,36640.64516129032,35476.1935483871,36164.7741935484,35523.51612903226,34488.67741935484,58222.35483870968,70,4,14057,445,6269,773,6570,0,0,0,0,0,0,0,0,0,0,0,0,0,0,0,0,0,0,0,0,0
Election_results,89,50685,82,48161,-1424.7096774193549,-2832.870967741936,-2123.4516129032268,-3589.3870967741923,-4376.548387096775,-3826.032258064516,-6498.483870967741,-6406.677419354839,-6171.16129032258,-6069.0,-7810.903225806455,-7144.064516129032,-9332.32258064515,-9741.935483870968,-9251.58064516129,-12164.354838709678,-11398.064516129032,-12936.09677419355,-13391.483870967742,-13033.999999999996,8565.580645161272,7419.548387096774,6861.677419354839,6599.870967741936,5122.258064516111,5555.709677419323,3987.3548387096776,2723.4516129032154,2095.9999999999923,1602.677419354849,74,4,12831,747,6216,2606,3262,0,0,0,0,0,0,0,0,0,0,0,0,0,0,0,0,0,0,0,0,0
Euro_2021,20,3644,61,8268,-292.0,-343.61290322580646,-656.5806451612904,-1376.0,-1445.032258064516,-2013.0,-2013.0,-2060.0967741935483,-2307.0,-2307.0,-2378.0,-2431.1182795698924,-2438.0,-2439.290322580645,-2995.0,-2995.0,-3306.0,-3390.0,-3400.322580645161,-3570.483870967741,-3670.0,-3697.741935483871,-3747.4193548387098,-4101.741935483871,-4481.258064516132,-4175.967741935484,-4620.806451612905,-4669.258064516131,-4370.387096774193,-4532.999999999997,20,4,3240,1805,788,403,244,0,0,0,0,0,0,0,0,0,0,0,0,0,0,0,0,0,0,0,0,0
Euro_2021,180,155961,122,64437,-4964.322580645161,-571.9354838709672,-642.7096774193567,-8278.612903225809,-7417.354838709676,-14342.258064516129,-10118.90322580646,-6187.709677419355,-12332.387096774191,-14473.032258064522,-15424.935483870957,-20646.838709677417,-13352.483870967735,-6353.322580645197,7737.41935483871,20011.58064516129,29493.322580645174,41342.38709677421,48868.77419354838,62524.51612903226,67402.3870967742,74375.54838709677,81202.0,90522.45161290324,101492.38709677424,105719.19354838708,99235.83870967742,94779.25806451617,93673.09677419356,91270.77419354838,115,8,27229,1190,771,837,1043,813,793,20591,1142,0,0,0,0,0,0,0,0,0,0,0,0,0,0,0,0,0
Euro_2021,42,24365,62,34193,-14.0,-476.1290322580645,-3073.548387096774,-2432.0,-2462.322580645161,-3097.0967741935483,-2198.451612903226,-3667.516129032258,-4338.645161290323,-5550.645161290323,-4840.064516129035,-4156.0,-6503.967741935484,-5639.580645161294,-5754.096774193549,-5453.258064516129,-7286.838709677424,-7338.161290322581,-7574.645161290316,-8763.290322580646,-7254.580645161288,-8513.967741935483,-9811.870967741936,-7645.0,-7737.483870967739,-8508.322580645161,-8587.806451612902,-8559.032258064524,-10365.741935483851,-10099.612903225809,34,2,6698,743,5949,0,0,0,0,0,0,0,0,0,0,0,0,0,0,0,0,0,0,0,0,0,0,0
Euro_2021,59,22650,820,85174,-11031.483870967742,-13565.967741935485,-19137.90322580645,-21425.0,-22005.0,-22597.90322580645,-23185.0,-23768.870967741936,-24364.35483870968,-24945.0,-25535.32258064516,-26205.51612903225,-26868.290322580644,-27463.774193548383,-28047.0,-28527.0,-28927.0,-34157.0,-34637.0,-34573.67741935484,-35024.0,-34723.64516129032,-39999.12903225806,-40443.0,-40371.0,-40773.58064516129,-40515.06451612903,-41070.54838709677,-52619.87096774185,-61640.51612903226,51,5,7466,212,1926,1883,2290,1143,0,0,0,0,0,0,0,0,0,0,0,0,0,0,0,0,0,0,0,0
Fallout_4,16,3478,16,3851,-457.1612903225807,-410.3225806451613,-97.93548387096774,-175.22580645161287,-570.8064516129032,-471.7741935483872,-154.51612903225805,-288.7096774193548,-622.4516129032259,-476.9032258064517,-217.0967741935484,-408.4516129032256,-680.0967741935484,-493.3870967741937,-294.6774193548387,-543.4516129032256,-752.741935483871,-491.3225806451623,-323.258064516129,-629.7096774193546,-776.3870967741935,-462.129032258064,-351.8387096774194,-715.4516129032255,-799.0322580645162,-432.51612903225913,-380.4193548387097,-802.9999999999995,-823.6774193548388,-368.12903225806406,16,4,3158,1087,1199,417,455,0,0,0,0,0,0,0,0,0,0,0,0,0,0,0,0,0,0,0,0,0
Fallout_4,40,26099,163,37698,-160.0,-200.0,-1371.0,-1869.4193548387093,1953.225806451613,10744.967741935488,15403.129032258068,15870.83870967742,15766.806451612903,16933.548387096773,18488.09677419355,18657.74193548387,16390.774193548386,15240.0,13809.0,12561.0,10325.967741935485,10215.0,6820.258064516129,4568.903225806452,1124.0,-1305.0,-3548.1612903225805,-5888.0,-8327.0,-10582.225806451612,-10699.0,-10940.935483870968,-11139.0,-11259.645161290322,8,1,3791,3791,0,0,0,0,0,0,0,0,0,0,0,0,0,0,0,0,0,0,0,0,0,0,0,0
Fallout_4,54,28197,66,27345,-96.6451612903226,-769.5806451612902,-1182.0,1667.6774193548388,3904.7741935483873,3748.129032258064,3220.483870967742,2111.9354838709687,6445.774193548387,6346.612903225807,6750.161290322581,6022.645161290322,5550.161290322577,4491.741935483871,3958.3225806451615,5154.41935483871,4169.419354838706,3141.0645161290427,3800.2903225806463,2271.35483870968,3432.645161290318,1409.6129032258011,3041.322580645162,634.516129032258,2524.483870967742,100.22580645161264,1976.3225806451608,-443.0645161290323,1380.1612903225807,-1032.354838709677,42,4,8317,1070,3255,3152,840,0,0,0,0,0,0,0,0,0,0,0,0,0,0,0,0,0,0,0,0,0
Fallout_4,44,16596,38,27939,-1544.0,-2634.548387096774,-2545.516129032258,-3900.83870967742,-4210.096774193547,-5221.612903225803,-4890.870967741936,-4120.709677419355,-5615.387096774193,-6506.967741935485,-5169.225806451613,-6708.5161290322585,-8039.225806451613,-6677.1935483871,-7764.645161290323,-8915.322580645156,-8010.258064516129,-7833.774193548383,-8918.451612903222,-9243.93548387097,-8281.612903225807,-9810.612903225809,-11078.967741935488,-9446.3870967742,-10853.741935483871,-12193.451612903224,-11098.774193548388,-11569.741935483858,-12586.90322580645,-11939.580645161295,36,5,7334,206,781,803,4688,856,0,0,0,0,0,0,0,0,0,0,0,0,0,0,0,0,0,0,0,0
Flappy_Bird,109,157515,498,70248,-1434.0322580645302,1480.290322580645,-2020.0645161290329,-4795.677419354838,-5412.774193548387,113989.96774193548,102146.06451612904,97925.64516129032,95037.80645161292,94182.80645161292,93835.3870967742,93497.96774193548,93187.0,92867.0,92527.0,92207.0,91870.87096774194,91533.45161290324,91236.03225806452,90887.0,90567.0,90247.0,89926.35483870968,89608.93548387097,89271.51612903226,88934.09677419355,88596.67741935485,88279.25806451614,87947.0,87607.0,84,4,8543,4132,806,2751,854,0,0,0,0,0,0,0,0,0,0,0,0,0,0,0,0,0,0,0,0,0
Flappy_Bird,61,140764,469,47457,-4832.0,-5845.0,-8044.0,94758.0,109621.0,106239.0,104774.0,102232.0,100828.0,99551.0,99231.0,98887.0,98607.0,98307.0,98047.0,97747.0,97427.0,97127.0,96827.0,96507.0,96207.0,95887.0,95587.0,95287.0,94987.0,94727.0,94507.0,94207.0,93927.0,93587.0,38,4,9291,590,4602,787,3300,0,0,0,0,0,0,0,0,0,0,0,0,0,0,0,0,0,0,0,0,0
Flappy_Bird,36,15699,39,6730,-22.38709677419355,-549.1935483870968,4620.322580645161,4524.451612903225,4788.064516129032,4743.419354838709,4233.645161290322,7027.35483870968,9432.516129032258,9355.612903225809,9252.67741935484,9473.354838709678,9005.741935483871,8951.58064516129,9113.645161290322,9340.612903225809,9263.258064516129,8902.612903225807,8894.290322580646,8467.064516129032,8924.870967741936,8585.935483870968,8613.935483870966,8921.709677419354,8451.58064516129,8917.935483870968,8631.838709677422,8591.258064516125,8975.774193548386,8507.09677419355,33,5,4561,845,1435,433,923,925,0,0,0,0,0,0,0,0,0,0,0,0,0,0,0,0,0,0,0,0
Flappy_Bird,22,4899,22,4400,-364.0967741935484,-146.0322580645161,-224.03225806451604,-485.3870967741936,-133.93548387096774,-346.58064516129014,-504.6774193548387,-116.0967741935484,-421.645161290323,-405.5161290322574,-103.25806451612904,-489.1612903225807,-257.16129032258004,-23.41935483870968,-398.45161290322574,-81.93548387096723,-29.1612903225806,-346.7419354838709,106.29032258064558,-46.87096774193671,-260.0322580645161,211.48387096774192,-51.09677419354952,-130.032258064517,309.3225806451613,-47.83870967742041,97.77419354838956,412.1612903225806,26.19354838709684,321.4838709677442,22,5,4459,228,1531,848,457,1395,0,0,0,0,0,0,0,0,0,0,0,0,0,0,0,0,0,0,0,0
Frozen,62,22403,53,29025,-2583.903225806452,-3318.5806451612907,-3838.3870967741937,-5916.129032258064,-5492.645161290323,-5324.774193548387,-6800.225806451613,-6824.258064516129,-8376.290322580646,-8466.322580645161,-8490.83870967742,-8446.387096774193,-10383.41935483871,-12228.451612903224,-10360.935483870968,48.93548387096769,-196.61290322580768,-563.8387096774186,-2797.6129032258063,-979.5806451612902,-2634.6774193548385,-4066.709677419354,-2232.967741935484,-4374.3870967742,-5329.806451612903,-7380.8387096774195,-6167.193548387096,-5712.387096774184,-6998.935483870968,-8233.290322580637,55,2,5474,862,4612,0,0,0,0,0,0,0,0,0,0,0,0,0,0,0,0,0,0,0,0,0,0,0
Frozen,28,10989,40,17754,-4.96774193548387,-9.93548387096774,-60.9032258064516,-68.0,-97.67741935483872,-1045.0,-1515.387096774194,-1211.741935483871,-1242.7096774193549,-1357.0,-2684.0,-2695.6129032258063,-3649.741935483872,-4234.322580645164,-3784.516129032258,-5084.870967741936,-5832.419354838712,-4475.419354838712,-5698.096774193548,-6779.83870967742,-5366.096774193548,-6364.322580645161,-7449.064516129032,-6264.2903225806485,-6558.870967741937,-8038.290322580646,-6969.129032258064,-6651.225806451618,-8500.838709677422,-7524.032258064516,23,4,5198,595,774,1446,2377,0,0,0,0,0,0,0,0,0,0,0,0,0,0,0,0,0,0,0,0,0
Frozen,10,2030,10,2400,-459.6434634974533,-450.4516129032258,-433.6774193548387,-272.90322580645164,-162.51612903225805,-175.4193548387097,-414.9032258064514,-632.8064516129032,-616.0322580645161,-451.1290322580646,-258.93548387096774,-271.8387096774194,-455.0645161290321,-736.1612903225807,-719.3870967741935,-579.0645161290324,-315.1935483870971,-314.258064516129,-440.9677419354838,-738.3870967741932,-768.741935483871,-672.0322580645162,-388.8064516129036,-327.6774193548387,-397.6129032258064,-695.6774193548383,-789.0967741935484,-746.6451612903234,-473.0967741935479,-357.0967741935484,10,1,1830,1830,0,0,0,0,0,0,0,0,0,0,0,0,0,0,0,0,0,0,0,0,0,0,0,0
Frozen,12,2299,12,2385,-377.8373071528752,-360.741935483871,-270.9354838709678,-108.93548387096774,-124.41935483870968,-369.5806451612901,-492.0967741935484,-423.9677419354839,-211.83870967741933,-217.83870967741936,-417.5806451612901,-592.4516129032259,-550.7096774193549,-271.22580645161315,-225.25806451612905,-379.3225806451612,-606.8064516129033,-586.6774193548387,-303.2580645161293,-197.67741935483872,-305.8064516129032,-586.1612903225807,-566.0322580645162,-303.1935483870978,-124.0967741935484,-186.0322580645161,-480.2258064516126,-499.3870967741936,-299.0645161290332,-70.51612903225808,12,2,2059,228,1831,0,0,0,0,0,0,0,0,0,0,0,0,0,0,0,0,0,0,0,0,0,0,0
Game_of_Thrones,34,6736,37,7638,-450.0967741935484,-484.5483870967742,-129.29032258064515,-177.09677419354838,-612.4516129032264,-536.5806451612904,-847.0967741935485,-1036.1935483870968,-732.0322580645169,-846.6774193548379,-1092.483870967743,-696.1612903225806,-1157.0645161290322,-744.3548387096774,-1039.096774193546,-1072.6451612903236,-753.6451612903226,-1227.9354838709676,-743.8387096774194,-1143.8064516129011,-768.6451612903227,-801.0,-1283.8064516129032,-762.3225806451612,-1217.354838709677,-847.9032258064519,-905.129032258062,-1162.6774193548397,-687.8064516129034,-1156.2258064516127,34,3,6052,2966,922,2164,0,0,0,0,0,0,0,0,0,0,0,0,0,0,0,0,0,0,0,0,0,0
Game_of_Thrones,252,174896,238,105949,-5276.032258064516,-3334.3548387096785,-12079.322580645165,-15436.548387096776,-16163.387096774191,-21905.064516129045,-27645.225806451614,-31197.25806451613,-34100.12903225806,-34472.290322580644,-32527.064516129027,-24888.548387096773,-15704.67741935484,-5388.0000000000055,2779.0967741935483,12982.419354838712,19185.806451612905,29083.67741935484,34843.54838709677,40040.41935483871,47848.29032258064,62595.90322580647,73770.03225806452,78728.90322580645,83100.64516129033,77994.64516129032,84597.51612903226,79417.09677419355,75823.25806451614,72600.12903225806,178,13,42943,1178,2399,1431,822,2311,1503,1040,27624,1120,874,859,889,893,0,0,0,0,0,0,0,0,0,0,0,0
Game_of_Thrones,61,42849,97,60404,-212.5806451612902,-2222.9677419354834,-2185.5806451612907,-3781.967741935483,-3719.0,-5350.999999999999,-4968.0,-6912.1612903225805,-6247.0,-6929.451612903225,-7492.0,-6747.967741935484,-8588.548387096775,-7969.129032258064,-10648.67741935484,-9223.0,-11469.580645161304,-10407.451612903224,-11083.51612903226,-11813.548387096773,-12642.806451612914,-13382.741935483878,-14216.580645161292,-14824.0,-15439.129032258064,-16007.0,-15181.67741935484,-15714.258064516129,-16386.83870967742,-16920.41935483871,47,5,12727,2972,3018,789,2519,3429,0,0,0,0,0,0,0,0,0,0,0,0,0,0,0,0,0,0,0,0
Game_of_Thrones,91,41601,120,102348,-4377.0,-6799.419354838709,-10437.806451612902,-9663.67741935484,-11633.0,-10774.51612903226,-13940.0,-17983.387096774197,-17101.161290322572,-19881.3870967742,-20970.677419354823,-24771.483870967742,-28232.58064516132,-27692.0,-30701.58064516129,-31297.41935483871,-36206.06451612903,-35791.12903225811,-39227.0,-42972.25806451614,-42805.0,-46875.6129032258,-45686.58064516129,-48872.58064516128,-49393.48387096775,-49767.0,-56151.74193548387,-57922.0,-59679.58064516129,-61500.16129032258,76,6,11665,211,758,1493,2349,848,6006,0,0,0,0,0,0,0,0,0,0,0,0,0,0,0,0,0,0,0
Google_Classroom,69,49287,102,63709,-1190.903225806451,-1713.9032258064528,-1741.258064516129,-3665.129032258064,-1968.0,-3068.516129032258,-3529.612903225802,-3629.0,-4849.774193548387,-4214.774193548387,-4710.709677419374,-3597.7741935484,-3843.806451612903,-3889.483870967742,-4804.258064516118,-6171.451612903216,-7099.0,-7718.548387096775,-8124.451612903231,-9719.193548387071,-8615.225806451614,-11305.225806451614,-9782.0,-11143.290322580682,-10930.0,-13631.903225806453,-12935.032258064515,-13577.258064516162,-13253.645161290322,-13795.32258064516,48,5,8749,735,226,4236,2652,888,0,0,0,0,0,0,0,0,0,0,0,0,0,0,0,0,0,0,0,0
Google_Classroom,97,46273,126,108012,-142.0,-2924.0,-5207.0,-8433.290322580653,-9845.258064516129,-8922.16129032258,-9227.096774193562,-15248.451612903224,-14114.999999999998,-16344.258064516129,-18324.45161290324,-19360.70967741936,-21880.483870967742,-23648.0,-27121.09677419355,-27343.16129032261,-30188.0,-34293.51612903226,-33117.193548387164,-37294.0,-41572.93548387097,-41357.48387096775,-40894.0,-47275.35483870968,-49067.645161290326,-52747.03225806447,-54301.77419354839,-56047.64516129044,-59069.0,-63168.1935483871,77,4,9482,211,813,72,8386,0,0,0,0,0,0,0,0,0,0,0,0,0,0,0,0,0,0,0,0,0
Google_Classroom,56,19009,60,10538,-497.8387096774193,-101.6774193548387,-267.25806451612846,4546.645161290323,4657.806451612903,4637.967741935484,4610.129032258064,4111.290322580645,4425.193548387095,4518.612903225807,4151.774193548387,3625.483870967742,3752.9354838709696,3832.387096774196,3948.000000000002,4011.58064516129,3942.741935483871,3435.903225806452,3948.064516129032,3899.225806451613,8596.387096774193,8707.548387096775,8762.709677419354,8731.645161290318,8343.032258064517,8496.29032258064,8814.354838709678,8402.806451612902,7894.419354838709,8289.1935483871,54,4,7467,2412,403,2469,2183,0,0,0,0,0,0,0,0,0,0,0,0,0,0,0,0,0,0,0,0,0
Google_Classroom,32,7621,32,6440,-332.0967741935484,-155.51612903225802,-382.87096774193554,-191.29032258064507,-303.38709677419365,-172.32258064516117,-186.96774193548404,-170.6129032258063,-83.54838709677517,-172.16129032258044,18.483870967742405,-173.96774193548362,135.03225806451502,-159.03225806451582,269.35483870967784,-118.16129032258068,385.0645161290323,-12.806451612903343,450.483870967742,57.54838709677416,543.9032258064517,155.90322580645167,673.3225806451612,290.258064516129,816.741935483871,438.6129032258064,929.1612903225806,555.9677419354838,1041.5806451612905,673.3225806451613,32,6,6981,248,369,425,1650,440,3849,0,0,0,0,0,0,0,0,0,0,0,0,0,0,0,0,0,0,0
Harlem_Shake,138,182356,119,51180,-14.580645161290334,-1573.6451612903224,-3150.741935483871,-3328.290322580645,-5245.6774193548345,-7833.935483870968,-10881.548387096767,-7432.58064516129,2723.0967741935483,7718.677419354837,5327.645161290321,12617.129032258064,17984.580645161288,15233.387096774186,13735.290322580646,14960.967741935478,13352.612903225783,11033.548387096776,11296.967741935485,9776.387096774191,6744.806451612903,10471.903225806453,10417.645161290322,7385.064516129032,6336.161290322553,5713.903225806452,6150.290322580645,10265.290322580466,55435.38709677389,123103.32258064517,111,3,10535,4696,1380,4404,0,0,0,0,0,0,0,0,0,0,0,0,0,0,0,0,0,0,0,0,0,0
Harlem_Shake,78,154556,87,32731,-988.0,-1345.0,-2733.0,-2767.967741935484,-3055.8387096774195,-4516.419354838713,-3679.7741935483873,-3958.741935483871,-5339.709677419352,-6389.870967741936,-5177.387096774201,-6466.612903225807,-8072.645161290322,-7228.483870967754,-7501.935483870961,-9314.870967741936,-8800.612903225807,-8141.129032258062,-10012.612903225803,-9896.83870967742,-9138.32258064516,-10717.290322580646,14733.741935483871,26891.48387096777,34589.06451612906,41919.387096774255,57094.87096774193,90098.90322580644,103310.35483870968,109711.64516129043,45,6,9898,206,2561,2277,785,779,3278,0,0,0,0,0,0,0,0,0,0,0,0,0,0,0,0,0,0,0
Harlem_Shake,36,10897,38,6964,-171.2903225806452,-176.70967741935476,-578.8064516129032,-172.96774193548387,-617.6774193548387,-347.7096774193556,-303.9999999999995,-648.483870967742,-266.6774193548387,-716.3548387096774,-484.74193548387086,-529.4516129032245,-863.1612903225806,-897.3870967741937,-862.0322580645162,-444.74193548387103,-462.6129032258066,-1001.8387096774192,-868.193548387097,-1360.7096774193549,-855.5806451612904,-1326.5806451612902,-1383.0645161290322,-1185.8064516129002,-873.0967741935485,-914.6451612903254,967.774193548394,3689.5483870967737,3933.483870967742,3465.935483870968,35,5,4966,689,1228,354,410,2279,0,0,0,0,0,0,0,0,0,0,0,0,0,0,0,0,0,0,0,0
Harlem_Shake,24,5383,24,4806,-360.741935483871,-39.935483870967744,-300.58064516129014,-345.6774193548388,-100.83870967741936,-475.45161290322585,-106.41935483870998,-205.3225806451612,-412.6774193548387,16.32258064516128,-372.1612903225807,-77.00000000000108,48.96774193548392,-264.3870967741936,107.48387096774192,-202.9677419354836,-118.48387096774286,167.5806451612903,-206.0967741935484,226.09677419354875,22.32258064516145,-108.41935483871048,293.74193548387103,-93.80645161290334,265.0967741935489,283.6451612903227,18.96774193548383,492.9032258064517,131.3548387096791,335.4193548387103,24,2,4903,3978,925,0,0,0,0,0,0,0,0,0,0,0,0,0,0,0,0,0,0,0,0,0,0,0
Hillary_Clinton,147,198413,121,64048,-3792.870967741936,-5488.741935483871,-1577.4516129032256,-3151.935483870968,-3209.9677419354844,-4266.516129032251,-4461.387096774193,-6103.129032258064,-9880.83870967742,-3638.32258064516,168.4193548387093,-854.5161290322457,-1660.3225806451617,-2619.129032258049,-2391.258064516129,-4074.3870967742014,-6691.225806451613,-8291.677419354839,-9233.193548387097,-7905.967741935463,-11242.290322580646,-10878.225806451568,-14368.032258064515,-13245.161290322554,-13383.096774193547,-15292.838709677422,-16768.645161290347,18353.451612903227,75178.96774193531,134279.48387096776,116,8,13700,699,1014,2848,2524,2586,2036,1832,155,0,0,0,0,0,0,0,0,0,0,0,0,0,0,0,0,0
Hillary_Clinton,102,168312,118,43298,-1059.741935483871,-1227.0,-2240.000000000004,-3741.0322580645184,-5555.83870967742,-7175.451612903225,-7548.806451612909,-7568.548387096778,-7663.709677419355,-8227.677419354839,-8758.645161290322,-9620.806451612892,-10521.483870967731,-11153.548387096776,-11626.516129032258,-12721.51612903225,-13662.548387096753,-14491.354838709678,-14962.096774193547,-15415.870967741936,-5800.322580645162,5670.548387096769,21212.74193548387,32339.774193548383,40674.06451612906,49500.83870967742,57378.87096774193,79736.90322580645,103786.93548387096,120710.77419354852,55,7,14491,589,206,753,4682,833,5942,1480,0,0,0,0,0,0,0,0,0,0,0,0,0,0,0,0,0,0
Hillary_Clinton,30,7680,30,7266,-439.6774193548387,-46.41935483870968,-486.0322580645161,-54.83870967741936,-501.3870967741936,-101.25806451612904,-554.741935483871,-102.67741935483872,-563.0967741935483,-69.0967741935484,-536.4516129032259,-35.51612903225808,-509.8064516129032,-1.935483870967758,-482.1612903225807,15.25806451612948,-409.0000000000013,41.67741935484128,-248.7741935483868,-100.90322580645125,-329.29032258064655,-142.67741935484003,-168.54838709677398,-124.22580645161216,-28.548387096775684,-108.0645161290294,132.70967741935493,-84.70967741935397,273.2258064516113,-75.83870967742035,30,7,7080,395,427,826,1419,474,852,2687,0,0,0,0,0,0,0,0,0,0,0,0,0,0,0,0,0,0
Hillary_Clinton,30,7782,30,6030,-350.6774193548387,-55.41935483870968,-413.0322580645161,25.16129032258064,-339.38709677419354,60.74193548387096,-310.741935483871,137.32258064516128,-241.0967741935484,235.9032258064516,-149.45161290322585,322.48387096774195,-69.80645161290316,438.06451612903226,38.83870967741933,565.2903225806456,216.0645161290312,674.6774193548413,447.7096774193551,765.2580645161297,651.6129032258053,867.32258064516,883.7741935483873,967.774193548388,1095.1935483870957,1065.9354838709703,1327.8709677419356,1171.290322580646,1539.8064516129018,1262.1612903225796,30,4,7182,731,2699,2691,1061,0,0,0,0,0,0,0,0,0,0,0,0,0,0,0,0,0,0,0,0,0
Hurricane_Dorian,39,11507,99,13463,-286.0,-439.0,-1350.0,-1430.0,-1820.0,-2499.0,-2699.645161290323,-2745.0,-3302.0,-3439.0,-3495.1290322580644,-3583.0,-3833.0,-4488.580645161291,-4755.0,-4869.41935483871,-5075.290322580645,-5158.0,-5249.0,-5735.967741935484,-5507.064516129032,-5779.709677419351,-6112.612903225806,-5683.290322580645,-1018.8387096774196,-1150.0645161290252,-1379.8064516129034,-930.4193548387098,-1406.1612903225778,-1985.4516129032247,38,8,5520,1004,396,2003,440,438,275,232,720,0,0,0,0,0,0,0,0,0,0,0,0,0,0,0,0,0
Hurricane_Dorian,240,179544,227,113762,-3258.4193548387098,-12974.225806451614,-17556.25806451613,-16046.16129032258,-21008.612903225807,-25495.93548387097,-29475.548387096776,-23151.16129032258,-27767.90322580645,-30196.16129032258,-34698.1935483871,-38203.48387096774,-39672.064516129045,-47441.838709677424,-52537.45161290323,-51761.645161290326,-57884.93548387097,-63939.22580645161,-40851.3225806451,-19747.806451612905,-8599.451612903216,-8023.387096774194,-2563.935483870951,5271.25806451613,2291.7419354838707,15258.451612903224,25027.16129032258,38169.87096774193,50994.9677419355,61765.967741935485,160,13,20567,1196,771,1047,800,1050,825,867,828,862,675,386,476,10778,0,0,0,0,0,0,0,0,0,0,0,0
Hurricane_Dorian,73,49957,112,64030,-503.35483870967744,-1909.5483870967744,293.93548387096774,-3643.258064516129,-1719.774193548387,-2649.387096774197,-2988.483870967742,-4602.258064516129,-5667.548387096775,-6164.387096774194,-7915.451612903224,-3663.3870967742055,-192.7741935483868,-1253.741935483871,-1979.8387096774204,-1661.6774193548388,-2859.35483870968,-4308.096774193548,-4557.419354838718,-6751.774193548387,-5309.0,-8012.451612903226,-6970.0,-9739.129032258064,-8799.0,-9338.225806451614,-10751.677419354834,-12571.0,-13807.870967741934,-14019.645161290322,54,8,8917,771,773,754,3447,815,793,391,1161,0,0,0,0,0,0,0,0,0,0,0,0,0,0,0,0,0
Hurricane_Dorian,97,40356,106,106566,-4374.064516129032,-7970.612903225807,-9837.16129032258,-11076.322580645165,-13178.419354838708,-15658.09677419355,-18403.387096774182,-20699.516129032258,-23538.48387096773,-25044.64516129032,-29234.67741935484,-28058.838709677417,-31420.58064516128,-33195.35483870967,-35271.096774193546,-36300.54838709678,-38616.064516129016,-41241.29032258064,-43040.0,-44866.32258064516,-46593.67741935484,-48110.96774193549,-49910.516129032265,-51617.096774193575,-53656.9677419355,-56509.41935483871,-58183.74193548388,-62939.45161290323,-62088.0,-66813.90322580645,82,5,10508,212,1572,5383,1673,1668,0,0,0,0,0,0,0,0,0,0,0,0,0,0,0,0,0,0,0,0
Hurricane_Matthew,40,7049,43,9115,-40.64516129032268,-365.4193548387097,-150.64516129032208,-137.41935483870998,-587.5483870967743,-428.1935483870958,-248.87096774193543,-702.6774193548388,-595.6451612903219,-276.38709677419354,-651.9677419354844,-340.2903225806449,-794.225806451613,-344.0,-825.6451612903227,-359.41935483870964,-634.4516129032268,-1006.7741935483872,-625.3870967741923,-1065.774193548387,-1052.9032258064517,-778.9032258064515,-835.8709677419345,-1186.4516129032274,-1500.7419354838703,-1583.7741935483891,-1885.1612903225807,-1627.4838709677415,-1949.483870967742,-2315.2903225806454,40,8,6245,531,311,706,396,1754,447,677,1423,0,0,0,0,0,0,0,0,0,0,0,0,0,0,0,0,0
Hurricane_Matthew,241,158784,213,120462,-5253.0,1039.0,-8141.0,-11929.0,-16760.0,-20390.0,-25765.0,-30238.0,-34696.0,-39192.0,-43655.0,-41685.0,-48731.0,-39978.0,-29145.0,-4913.0,2252.0,9997.0,23404.0,32634.0,49074.0,59565.0,69865.0,63962.0,63877.0,57012.0,51966.0,53402.0,48361.0,40599.0,166,11,27668,1184,777,1040,772,1630,2579,17531,527,614,358,632,0,0,0,0,0,0,0,0,0,0,0,0,0,0
Hurricane_Matthew,92,50580,100,50216,-2426.1290322580644,-3558.7741935483864,-3063.5806451612902,-4071.2258064516127,-5529.258064516129,-4976.774193548386,119.35483870967744,142.38709677419348,-1742.0645161290324,-1358.5161290322585,-1038.483870967734,-1953.6451612903224,-3365.612903225815,-5028.322580645161,-3692.161290322566,-4243.741935483875,-6565.838709677422,-5869.129032258064,-7594.967741935484,-8990.032258064517,-254.9354838709677,-377.935483870968,-113.38709677419403,-2084.677419354839,4196.83870967742,3038.258064516129,2979.8064516129034,3076.4193548387098,1453.6129032258068,262.4516129032253,69,10,9966,206,776,1018,1535,3226,1502,829,290,292,292,0,0,0,0,0,0,0,0,0,0,0,0,0,0,0
Hurricane_Matthew,113,38639,91,92405,-2244.741935483871,-4384.419354838709,-5927.129032258064,-9981.064516129032,-13114.258064516134,-13892.93548387096,-16048.967741935485,-20947.41935483871,-21726.09677419355,-22280.09677419355,-26849.645161290315,-28431.2258064516,-28822.419354838697,-32210.93548387097,-36380.16129032258,-34499.354838709674,-38413.93548387096,-40112.1935483871,-42129.48387096774,-44681.3870967742,-45106.8064516129,-45982.45161290322,-35990.32258064516,-40410.9677419355,-42090.93548387097,-43234.7741935484,-47938.29032258064,-49197.967741935485,-50416.41935483871,-55107.32258064516,95,7,10916,218,809,2219,3925,835,365,2539,0,0,0,0,0,0,0,0,0,0,0,0,0,0,0,0,0,0
IPL,17,7569,33,16613,-53.58064516129032,-71.0,-80.93548387096774,-656.7419354838705,-1148.0,-1583.7419354838703,-1345.5161290322585,-1327.6451612903224,-1460.0,-1465.8064516129032,-2911.0,-2921.967741935484,-4030.3870967741937,-3818.129032258064,-5230.0,-6290.0,-6267.612903225808,-6507.129032258062,-6988.290322580644,-7426.903225806448,-8864.451612903218,-7425.645161290327,-8514.032258064517,-8562.935483870968,-7831.516129032258,-9245.774193548386,-10453.41935483871,-8338.258064516129,-9803.0,-9021.41935483871,15,3,3043,801,705,1537,0,0,0,0,0,0,0,0,0,0,0,0,0,0,0,0,0,0,0,0,0,0
IPL,18,7785,19,19702,-2391.0,-2391.0,-4618.774193548387,-4581.032258064516,-4361.1612903225805,-4376.0,-4778.258064516131,-6750.064516129032,-6668.387096774193,-6017.322580645161,-8488.93548387097,-8534.09677419355,-10589.290322580646,-10861.612903225809,-9408.645161290324,-9309.193548387098,-10335.0,-8242.58064516129,-8260.0,-8362.354838709674,-10820.41935483871,-10782.67741935484,-13149.935483870968,-13112.193548387097,-11257.806451612903,-12255.806451612903,-12598.0,-12598.0,-12619.935483870968,-12231.645161290324,15,2,1680,212,1468,0,0,0,0,0,0,0,0,0,0,0,0,0,0,0,0,0,0,0,0,0,0,0
IPL,23,7006,105,19776,-79.80645161290322,-205.61290322580643,-265.4193548387097,-328.0,-376.2580645161291,-436.8387096774194,-3376.0,-2852.0,-2912.0,-3489.0,-3819.870967741936,-3909.677419354839,-3928.0,-4142.645161290322,-5202.0,-6125.451612903224,-6449.548387096775,-8929.129032258064,-8974.612903225807,-9929.0,-10089.0,-11002.741935483871,-11326.225806451608,-10815.354838709678,-10907.0,-10991.0,-11082.0,-13069.54838709677,-13344.387096774191,-14147.741935483838,20,3,2366,789,792,761,0,0,0,0,0,0,0,0,0,0,0,0,0,0,0,0,0,0,0,0,0,0
IPL,6,1291,6,1188,-401.633431085044,-384.8123167155425,-370.8064516129032,-360.741935483871,-350.6774193548387,-228.67741935483883,-84.29032258064524,22.06451612903226,14.32258064516129,6.58064516129032,-93.03225806451604,-238.5806451612901,-371.1612903225807,-361.0967741935484,-351.0322580645161,-272.0645161290323,-124.19354838709695,23.67741935483872,28.90322580645162,21.16129032258064,-32.645161290322534,-178.58064516129014,-324.51612903225777,-353.45161290322585,-343.38709677419354,-305.45161290322585,-128.16129032258084,49.12903225806417,118.48387096774196,110.74193548387096,6,1,1171,1171,0,0,0,0,0,0,0,0,0,0,0,0,0,0,0,0,0,0,0,0,0,0,0,0
ISIS,40,17701,35,18211,-1496.0,-2807.032258064516,-3232.677419354839,-3788.290322580645,-3420.6129032258063,-3567.483870967744,-4874.064516129032,-4931.645161290323,-5930.096774193547,-6460.451612903225,-6558.548387096775,-6520.741935483871,-6574.548387096775,-6519.5161290322585,-6569.83870967742,-8460.290322580646,-10338.870967741936,-9217.806451612903,-8501.129032258064,-3349.0967741935483,958.5806451612772,1644.225806451613,598.8064516129084,552.2258064516137,-903.516129032258,505.7741935483888,904.2903225806452,-700.258064516129,-2164.8387096774195,-1081.6774193548388,35,2,3317,679,2638,0,0,0,0,0,0,0,0,0,0,0,0,0,0,0,0,0,0,0,0,0,0,0
ISIS,22,7620,29,14480,-37.41935483870968,-20.709677419354843,-1317.0,-2433.4193548387098,-2427.0967741935483,-1651.516129032258,-2967.0,-3898.935483870967,-3570.193548387098,-3526.0,-4121.419354838708,-4411.645161290323,-4670.032258064513,-5257.290322580647,-4692.290322580645,-4686.677419354839,-5967.032258064516,-7064.387096774194,-6004.967741935484,-5284.387096774193,-6599.451612903225,-7698.806451612903,-6611.645161290323,-5958.096774193552,-6928.709677419354,-7926.806451612899,-7748.774193548387,-7061.93548387097,-6796.225806451613,-6840.0,19,3,4044,779,590,2669,0,0,0,0,0,0,0,0,0,0,0,0,0,0,0,0,0,0,0,0,0,0
ISIS,7,1383,7,1457,-17.72208436724565,-19.59801488833746,-10.7741935483871,0.9677419354838684,-112.19354838709668,-319.03225806451604,-447.8064516129032,-436.06451612903226,-400.3870967741936,-221.09677419354853,-41.80645161290323,-37.38709677419354,-46.41935483870968,-197.0645161290321,-404.3548387096775,-502.1290322580645,-490.3870967741936,-425.483870967742,-227.6774193548389,-44.64516129032256,-53.67741935483872,-62.70967741935484,-242.06451612903209,-449.8064516129029,-516.4516129032259,-504.7096774193548,-412.0645161290323,-211.54838709677443,-55.93548387096772,-64.96774193548387,7,1,1243,1237,0,0,0,0,0,0,0,0,0,0,0,0,0,0,0,0,0,0,0,0,0,0,0,0
ISIS,8,1828,16,1872,-374.1612903225807,-324.93548387096774,22.06451612903226,-44.51612903225802,-367.8064516129032,-255.8064516129033,115.48387096774194,2.709677419354932,-269.45161290322585,-108.74193548387107,182.9032258064516,147.16129032258067,86.25806451612911,52.0,52.0,29.29032258064518,8.0,-3.6129032258064058,-38.967741935483886,-56.0,-56.0,-70.1935483870968,-76.0,-76.0,-92.12903225806448,-96.0,-113.41935483870968,-457.41935483870935,-469.6774193548388,-38.32258064516088,8,1,1668,1668,0,0,0,0,0,0,0,0,0,0,0,0,0,0,0,0,0,0,0,0,0,0,0,0
Ind_vs_SA,37,15132,40,6356,-456.6774193548387,-477.8387096774193,-479.258064516129,-987.3548387096774,1895.6129032258063,4208.935483870968,4182.225806451613,3913.2258064516127,4232.903225806452,4594.225806451613,4274.129032258065,4126.225806451614,4006.1935483870966,4038.129032258064,4520.677419354839,4502.1612903225805,4007.193548387097,4074.6129032258063,3623.032258064516,4109.451612903225,3744.25806451613,3826.645161290321,3634.4193548387098,3658.935483870968,4143.064516129032,4139.387096774193,3956.9677419354734,8742.935483870968,8948.354838709678,8477.41935483871,34,4,3974,1321,1142,465,1046,0,0,0,0,0,0,0,0,0,0,0,0,0,0,0,0,0,0,0,0,0
Ind_vs_SA,192,182167,145,64899,-4971.419354838709,-10.83870967741936,-2377.064516129032,-7492.645161290322,-12644.774193548386,-17358.967741935485,-16826.483870967742,-9899.516129032258,-16049.193548387097,-20291.258064516136,-23009.96774193548,-24196.41935483868,-28455.451612903227,-19495.22580645162,-8293.967741935487,4786.290322580645,12956.870967741936,19852.83870967743,22081.322580645163,31332.612903225807,38802.12903225805,46534.77419354839,41175.83870967742,51295.83870967732,62382.06451612897,79706.19354838706,87762.67741935483,100730.29032258062,109164.16129032258,117265.87096774194,114,10,25302,1190,715,1436,1014,1790,897,864,11291,448,5651,0,0,0,0,0,0,0,0,0,0,0,0,0,0,0
Ind_vs_SA,56,28547,75,34383,-845.8709677419358,-1251.774193548387,-2624.6451612903224,-1074.1935483870968,-2406.483870967742,-3634.290322580645,-2232.8387096774195,-3945.645161290317,-3470.935483870968,-3544.483870967742,-5198.870967741933,-4757.580645161291,-4831.129032258064,-6816.41935483871,-6622.225806451613,-7996.193548387097,-7985.322580645161,-6684.967741935497,-2943.322580645153,-2545.967741935484,-3595.935483870961,-5467.935483870971,-4915.0,-4438.322580645171,-5913.645161290321,-5908.064516129032,-5213.612903225807,-5766.83870967742,-5001.161290322579,-6251.612903225806,47,4,7470,2335,753,2923,1453,0,0,0,0,0,0,0,0,0,0,0,0,0,0,0,0,0,0,0,0,0
Ind_vs_SA,59,24402,91,64955,-65.0,-52.8709677419355,-2379.612903225806,-2688.935483870968,-5130.709677419355,-9302.612903225809,-9731.193548387097,-9908.967741935485,-8824.0,-10247.0,-10536.580645161286,-11020.806451612903,-14973.0,-16078.870967741905,-18330.935483870984,-18627.870967741936,-23501.90322580645,-22990.35483870968,-24847.774193548383,-26300.96774193548,-28428.64516129032,-28848.32258064516,-29382.06451612904,-33703.29032258066,-33169.19354838711,-37811.32258064516,-37269.03225806452,-40997.9032258064,-40708.70967741936,-40493.0,50,4,6229,218,698,3163,2126,0,0,0,0,0,0,0,0,0,0,0,0,0,0,0,0,0,0,0,0,0
India_vs_England,91,130024,81,53161,-2577.774193548387,-3544.838709677419,-4735.5161290322585,-4707.354838709677,-5070.193548387097,-5412.032258064516,-5073.93548387097,-4391.709677419355,-6533.258064516127,-6999.096774193548,-6495.225806451613,-9394.516129032258,-9108.0,-10173.838709677417,-12573.645161290322,-12365.741935483877,-12820.258064516129,-14018.580645161295,-13153.322580645156,-15554.16129032258,61265.54838709746,84716.3870967742,84705.70967741935,81757.96774193548,81557.25806451614,81374.90322580645,78648.83870967742,78818.4193548387,77416.67741935483,76545.64516129033,72,8,9581,206,3245,806,795,2194,402,640,1293,0,0,0,0,0,0,0,0,0,0,0,0,0,0,0,0,0
India_vs_England,212,144888,193,112831,-4890.322580645161,-13765.645161290322,-18359.967741935485,-22311.483870967742,-24380.612903225807,-16936.54838709677,-22375.25806451613,-26907.58064516129,-31444.90322580645,-36204.22580645161,-40702.54838709677,-45184.87096774193,-44748.1935483871,-44630.06451612903,-47571.35483870968,-41434.03225806452,-39498.258064516136,-22669.225806451614,-4526.516129032258,5869.741935483884,22518.25806451617,33150.6129032258,41316.1935483871,53617.03225806452,55310.64516129029,52025.45161290323,46700.16129032258,41700.87096774193,36987.67741935484,32017.70967741936,152,15,18304,1173,717,714,734,1983,799,1428,873,419,7569,372,362,366,363,420,0,0,0,0,0,0,0,0,0,0
India_vs_England,63,41868,103,64738,-2596.677419354839,-2460.2258064516127,-4396.709677419355,-3052.0,-3773.999999999994,-4314.677419354839,-6846.870967741925,-5579.0,-7037.129032258064,-7596.0,-8737.87096774194,-8342.354838709676,-11010.741935483871,-9540.0,-10679.870967741916,-10715.806451612903,-13400.354838709678,-12361.0,-14736.645161290322,-14114.258064516129,-14930.483870967731,-16925.612903225814,-17810.0,-17518.709677419356,-18812.25806451615,-20653.483870967742,-21217.0,-21067.16129032258,-22313.09677419356,-23110.0,48,7,8902,2868,1567,2175,682,342,976,292,0,0,0,0,0,0,0,0,0,0,0,0,0,0,0,0,0,0
India_vs_New_Zealand,94,55216,150,81853,-1902.903225806452,-1784.225806451613,-3760.0,-4050.677419354836,-5129.5161290322585,-5303.096774193547,-4372.0,-255.9032258064516,-1935.516129032258,-2394.709677419361,-3390.1612903225646,-3548.0,-5036.967741935484,-7053.0,-7376.709677419398,-9204.806451612892,-9106.41935483871,-10762.032258064515,-12792.0,-13813.580645161328,-15826.19354838709,-16575.483870967742,-18017.774193548383,-17733.709677419356,-20142.58064516129,-22682.483870967742,-22659.548387096787,-23338.16129032258,-25148.96774193545,-27579.09677419355,74,7,11058,1402,2501,789,2177,1383,349,2451,0,0,0,0,0,0,0,0,0,0,0,0,0,0,0,0,0,0
India_vs_New_Zealand,123,49690,131,131063,-4365.4838709677415,-8524.741935483871,-9658.87096774194,-11953.419354838712,-14313.41935483871,-19028.4193548387,-19334.3870967742,-21917.225806451614,-24690.03225806452,-26066.41935483872,-29833.70967741938,-30272.16129032256,-33868.0,-36893.0,-40650.38709677423,-43513.93548387097,-44989.0,-48014.70967741936,-51635.54838709677,-53092.0,-56104.16129032258,-59767.9354838709,-61183.0,-64991.1290322581,-67800.7741935484,-69274.0,-72303.06451612903,-77521.06451612891,-77194.03225806452,-80544.64516129027,103,8,10768,212,699,2221,1202,1467,862,1425,2668,0,0,0,0,0,0,0,0,0,0,0,0,0,0,0,0,0
India_vs_New_Zealand,66,28750,71,12367,-284.4838709677417,-574.1935483870968,-206.2903225806452,2820.1612903225728,4347.516129032258,4570.419354838709,8938.032258064508,9373.90322580645,9348.516129032258,9237.387096774197,8937.612903225809,8771.838709677419,8793.741935483871,8608.645161290322,8493.516129032256,8410.48387096774,8290.41935483871,8087.032258064516,7561.645161290323,7879.516129032258,7325.967741935484,6950.870967741936,6943.193548387098,6757.677419354839,7038.58064516129,11238.548387096716,11592.387096774191,11815.290322580646,16510.774193548386,16608.387096774193,62,9,6598,346,1299,1219,457,251,505,253,1241,1027,0,0,0,0,0,0,0,0,0,0,0,0,0,0,0,0
India_vs_New_Zealand,40,7249,40,8090,-132.4193548387097,-367.8064516129032,0.1612903225806405,-238.9032258064517,-354.4193548387093,-9.67741935483872,-343.8387096774202,-186.16129032258044,146.48387096774192,-229.03225806451616,-39.87096774193535,207.80645161290363,-165.741935483871,279.4516129032272,159.06451612903257,-161.45161290322585,105.5806451612904,-136.4193548387093,-396.1612903225807,-115.25806451612895,-432.9354838709673,-537.1612903225804,-336.0967741935483,-714.6774193548387,-663.8064516129031,-556.9354838709677,-949.3870967741937,-789.4193548387068,-745.5161290322563,-1089.0967741935483,40,5,6449,3071,489,1010,255,1624,0,0,0,0,0,0,0,0,0,0,0,0,0,0,0,0,0,0,0,0
India_vs_West_Indies,58,12987,61,11680,-88.7741935483871,-178.5483870967742,-680.3225806451612,-668.7741935483871,-1167.548387096774,-1575.1612903225807,-1140.4193548387098,-1167.548387096774,-1190.741935483871,-1213.9354838709676,-869.1290322580645,-1192.903225806457,3824.935483870968,3934.161290322581,3950.3870967741937,3966.6129032258063,3771.838709677419,3263.064516129032,3543.032258064517,3510.516129032258,3141.741935483871,2632.741935483871,2429.548387096774,2227.354838709677,2039.1935483870964,1916.3548387096748,1793.8387096774145,1671.6451612903224,1549.7741935483846,1428.2258064516084,56,7,6612,1687,424,1535,1182,251,253,1280,0,0,0,0,0,0,0,0,0,0,0,0,0,0,0,0,0,0
India_vs_West_Indies,264,143150,209,138011,-7516.645161290322,-13098.870967741936,-19121.870967741936,-23630.16129032258,-28111.451612903227,-32571.74193548387,-37036.03225806452,-41657.09677419355,-44883.22580645162,-50458.90322580645,-43802.77419354839,-31592.322580645163,-14418.096774193547,-3798.258064516129,14172.9677419355,27298.93548387097,38923.19354838709,45728.096774193546,45162.16129032265,45480.29032258051,45235.35483870966,39725.6129032258,34725.32258064516,36146.12903225807,28818.74193548387,25521.4838709678,18813.16129032258,13803.870967741936,8795.580645161292,4562.580645161298,198,21,28719,1166,1429,904,784,804,804,582,846,868,16882,548,312,306,311,55,490,303,316,312,636,55,0,0,0,0
India_vs_West_Indies,80,51688,124,81614,-2952.870967741936,-1970.935483870968,-3748.0,-5121.451612903226,-4770.322580645158,-6288.0,-7208.290322580642,-7512.58064516129,-8463.612903225807,-10523.096774193544,-9722.70967741936,-11315.483870967742,-11923.22580645162,-12447.451612903224,-12518.354838709678,-14489.0,-16909.483870967742,-15967.225806451614,-16218.516129032258,-20377.451612903227,-19431.09677419355,-21434.0,-23843.41935483871,-22901.967741935485,-24916.0,-26945.09677419356,-26382.83870967742,-26933.129032258064,-29422.90322580645,-30176.0,61,10,9814,1400,3034,1327,850,865,287,289,291,291,1180,0,0,0,0,0,0,0,0,0,0,0,0,0,0,0
India_vs_West_Indies,133,48815,175,138206,-726.9354838709678,-9404.483870967742,-9249.225806451614,-15705.967741935485,-15039.0,-14441.0,-14628.774193548386,-18224.74193548387,-23121.0,-26794.41935483871,-28091.16129032258,-29109.612903225807,-32844.0,-36656.870967741925,-39442.51612903226,-44390.38709677421,-46595.6129032258,-48092.0,-52462.0,-57060.83870967742,-61153.58064516129,-62958.93548387096,-64314.25806451613,-68637.74193548386,-72128.0,-76785.29032258065,-78271.45161290321,-81427.67741935483,-85268.54838709676,-90244.25806451614,114,9,12155,212,706,2637,2251,863,1423,357,1598,2096,0,0,0,0,0,0,0,0,0,0,0,0,0,0,0,0
Indian_Premier_League,104,35457,90,64480,-2529.032258064516,-3181.064516129032,-4966.096774193548,-5502.06451612903,-5534.290322580645,-5253.677419354844,-7749.064516129037,-7630.064516129032,-7202.612903225803,-8894.322580645161,-9599.83870967742,-9426.387096774191,-12306.354838709678,-12364.612903225809,-12270.483870967742,-14096.516129032258,-16203.677419354832,-16818.645161290322,-16880.290322580648,-19645.483870967742,-18324.0,-21261.67741935484,-21417.93548387097,-21333.774193548383,-23074.483870967742,-25444.612903225778,-25971.967741935485,-26020.45161290323,-28736.58064516129,-28989.74193548387,83,8,10247,206,3877,837,1354,1466,356,1126,1025,0,0,0,0,0,0,0,0,0,0,0,0,0,0,0,0,0
Indian_Premier_League,190,50377,162,142988,-5215.645161290323,1086.8064516129032,-1870.774193548382,-6910.387096774193,-12552.870967741936,-17171.645161290322,-21307.0,-22065.064516129045,-24218.870967741936,-29515.967741935485,-36013.51612903226,-34136.16129032258,-40551.06451612903,-45351.83870967742,-50310.6129032258,-51565.93548387097,-53646.645161290326,-58856.806451612894,-64999.70967741936,-70067.48387096774,-68600.25806451612,-75078.25806451614,-74469.54838709676,-67879.35483870968,-74103.35483870968,-79127.12903225806,-84154.90322580645,-82604.70967741935,-87828.32258064515,-93282.22580645158,158,16,12800,1184,717,718,1518,2504,702,569,420,793,361,378,1082,369,371,377,694,0,0,0,0,0,0,0,0,0
Indian_Premier_League,85,53669,144,86046,-987.741935483871,-2921.3870967741923,-3692.903225806452,-5074.0,-6937.870967741937,-6066.967741935481,-7602.193548387097,-9447.483870967742,-8666.387096774195,-9461.41935483871,-11478.0,-12339.935483870977,-14157.612903225803,-14319.387096774191,-16037.903225806447,-16814.483870967735,-20353.90322580645,-19517.741935483868,-22065.774193548383,-22237.83870967742,-24267.0,-24007.32258064516,-24619.0,-25372.0,-25641.548387096773,-27222.0,-29250.0,-31608.1935483871,-30596.0,-32628.0,65,6,10619,1403,5272,1441,752,706,1039,0,0,0,0,0,0,0,0,0,0,0,0,0,0,0,0,0,0,0
Jeffrey_Dahmer,35,10091,36,7636,-446.8064516129032,-487.9032258064516,-219.32258064516125,-240.8064516129032,-481.5161290322588,3125.1290322580658,4307.83870967742,4572.548387096775,4115.935483870968,4569.935483870968,4213.161290322581,4299.935483870968,4458.064516129034,4085.677419354839,4358.903225806452,3899.7741935483873,4170.290322580645,3787.903225806452,3723.516129032255,3728.225806451616,3293.516129032258,3552.258064516129,3090.6129032258063,3323.6451612903224,2944.2258064516145,2848.8064516129007,2869.3225806451624,2422.3548387096776,2683.6129032258063,2219.451612903226,34,6,4184,952,859,746,238,459,930,0,0,0,0,0,0,0,0,0,0,0,0,0,0,0,0,0,0,0
Jeffrey_Dahmer,139,44036,127,97441,-1566.9677419354823,-4944.806451612903,-8011.709677419355,-12997.451612903224,-12519.064516129032,-5163.677419354839,-4173.774193548382,-10313.225806451614,-14937.129032258064,-12985.129032258064,-18931.580645161303,-23972.83870967742,-22141.967741935485,-22058.58064516129,-28444.548387096776,-30212.48387096772,-33788.354838709674,-32506.06451612903,-38225.16129032258,-36985.25806451613,-42617.967741935485,-43913.90322580645,-46346.096774193546,-51987.67741935484,-50151.32258064516,-56579.48387096774,-56511.54838709677,-55231.29032258064,-49022.1935483871,-55268.09677419355,113,13,12093,1197,998,798,808,785,793,899,997,843,467,839,793,1870,0,0,0,0,0,0,0,0,0,0,0,0
Jeffrey_Dahmer,63,45811,95,55421,163.77419354838713,-375.9999999999999,318.06451612903226,-1238.6129032258063,-1652.0,-2534.806451612905,-961.4516129032268,-3835.258064516129,-4090.0,-5147.967741935481,-5323.0,-5146.548387096779,-5737.741935483874,-5782.032258064516,-7412.32258064516,-7007.0,-8491.838709677422,-8207.0,-10425.8064516129,-9943.161290322583,-12084.193548387091,-10566.51612903227,-13360.838709677428,-12405.032258064512,-13449.290322580651,-14152.774193548388,-15578.83870967742,-15036.516129032258,-9290.161290322576,-9072.354838709678,46,7,9487,796,790,2382,803,1269,834,2601,0,0,0,0,0,0,0,0,0,0,0,0,0,0,0,0,0,0
Jeffrey_Dahmer,88,40312,115,95948,-722.1612903225822,-4405.0,-7823.354838709677,-9608.0,-12422.258064516129,-10783.516129032249,-13398.645161290322,-15878.612903225809,-17652.0,-21587.09677419356,-20487.0,-23140.41935483871,-24920.0,-29071.32258064516,-27692.0,-32612.225806451614,-31240.0,-36175.12903225806,-35407.806451612894,-40112.03225806452,-38742.93548387097,-41764.74193548387,-44896.3870967742,-46689.0,-48550.29032258064,-50956.967741935485,-49706.54838709677,-53587.0,-54701.0,-55485.0,71,7,8425,218,72,1577,1639,1350,844,2701,0,0,0,0,0,0,0,0,0,0,0,0,0,0,0,0,0,0
Joe_Biden,37,25215,66,36034,-687.4193548387102,212.06451612903223,-2398.2258064516127,-1755.0,-2070.387096774194,-1964.4838709677404,-2984.0,-2267.741935483871,-3602.387096774196,-2776.6774193548385,-4240.6774193548345,-5657.903225806458,-5517.0,-4767.548387096775,-6919.387096774177,-6757.0,-7390.612903225806,-6487.41935483871,-7198.0,-9834.645161290324,-9205.0,-8533.516129032276,-9770.516129032234,-9638.225806451614,-9709.193548387097,-9720.16129032258,-10434.0,-10434.0,-10538.0,-10737.032258064515,28,4,6879,2920,775,821,2351,0,0,0,0,0,0,0,0,0,0,0,0,0,0,0,0,0,0,0,0,0
Joe_Biden,56,23821,67,62706,-33.35483870967742,-79.0,-624.0322580645156,-767.0,-4810.0,-7221.0,-9202.483870967742,-11551.709677419354,-12599.548387096776,-13072.548387096776,-13958.903225806447,-17681.096774193542,-17481.096774193546,-17330.967741935485,-22221.58064516129,-21667.0,-22124.000000000004,-25833.09677419355,-25304.0,-27125.774193548383,-28815.48387096773,-28906.8064516129,-30684.290322580644,-31132.516129032258,-32350.90322580645,-34640.96774193547,-34916.12903225806,-35289.93548387097,-40224.32258064516,-39650.0,47,4,6460,217,1476,1535,3220,0,0,0,0,0,0,0,0,0,0,0,0,0,0,0,0,0,0,0,0,0
Joe_Biden,28,4118,40,5094,-85.96774193548387,-123.0,-139.77419354838707,-146.03225806451613,-175.32258064516128,-171.0,-196.8064516129032,-207.51612903225808,-623.5806451612904,-310.22580645161287,-347.9032258064516,-700.7741935483872,-250.35483870967744,-275.9032258064517,-694.9677419354838,-741.1290322580645,-709.7741935483868,-744.9354838709672,-1142.1612903225814,-1163.2903225806451,-1583.3548387096776,-969.6774193548384,-1236.483870967742,-808.1935483870966,-1107.483870967746,-1259.000000000001,-824.9677419354839,-888.2258064516128,-905.0,-963.741935483871,28,4,3554,811,451,1000,1274,0,0,0,0,0,0,0,0,0,0,0,0,0,0,0,0,0,0,0,0,0
Joe_Biden,19,3936,19,3611,-14.129032258064516,-163.35483870967744,-351.38709677419354,-44.93548387096769,-81.51612903225802,-399.7741935483871,-162.93548387096794,-20.12903225806452,-400.1612903225806,-265.0645161290324,41.32258064516128,-237.25806451612948,-322.6774193548387,87.77419354838712,-75.7096774193547,-292.06451612903226,39.22580645161332,56.48387096774128,-291.45161290322585,-51.064516129032455,142.16129032258064,-231.7096774193552,-136.90322580645093,192.6129032258064,-65.4516129032256,-178.3548387096774,271.0645161290323,129.4516129032266,-115.741935483871,243.6129032258061,19,3,3556,316,1544,1690,0,0,0,0,0,0,0,0,0,0,0,0,0,0,0,0,0,0,0,0,0,0
Jurassic_World,33,6581,34,7089,-67.87096774193542,-329.54838709677426,-369.0967741935482,-312.25806451612925,-555.9677419354831,-237.7096774193552,-702.6451612903226,-237.8064516129032,-702.2580645161291,-248.25806451612897,-698.8709677419355,-262.7096774193548,-658.451612903227,-391.74193548387086,-521.2903225806474,-550.5806451612892,-350.51612903225794,-663.8064516129011,-185.29032258064512,-666.1290322580646,-145.7419354838709,-612.741935483871,-666.1935483870966,-623.3548387096776,-101.29032258064512,-117.87096774193536,-680.7741935483872,-496.3225806451613,-895.3870967741911,-999.193548387097,33,6,5917,285,781,1743,436,484,2182,0,0,0,0,0,0,0,0,0,0,0,0,0,0,0,0,0,0,0
Jurassic_World,38,26060,218,56231,-168.38709677419357,-253.54838709677423,-2418.8064516129034,1311.258064516128,11183.935483870968,15663.935483870968,16297.709677419354,18457.90322580645,17711.51612903225,15641.064516129036,13755.0,12459.0,10173.967741935485,7869.58064516129,4424.193548387097,108.96774193547424,-3706.0,-6084.0,-9571.0,-13546.774193548374,-17779.0,-21295.516129032258,-24427.516129032305,-24988.0,-28497.67741935484,-28886.06451612904,-29080.90322580645,-29451.774193548383,-29677.0,-29934.225806451614,8,1,3792,3792,0,0,0,0,0,0,0,0,0,0,0,0,0,0,0,0,0,0,0,0,0,0,0,0
Jurassic_World,113,222018,438,49505,-4479.0,-7925.096774193547,-9357.838709677428,-11431.645161290322,31337.1935483871,31206.25806451613,57591.87096774193,141462.70967741936,179662.0,179362.0,179065.2258064516,178263.06451612903,177937.90322580645,177665.0,177347.5806451613,177085.0,176925.0,176745.0,176446.93548387097,175620.7741935484,175344.0,175079.4516129032,174794.29032258064,174573.0,174273.0,173993.0,173693.0,173373.0,173073.0,172778.16129032258,59,6,12948,205,779,1503,1615,1692,7154,0,0,0,0,0,0,0,0,0,0,0,0,0,0,0,0,0,0,0
Jurassic_World,74,61468,77,44407,-2684.225806451613,-3912.58064516129,-2461.483870967742,-5369.1612903225805,-3468.354838709676,-5461.06451612903,-6604.709677419357,-7223.322580645161,-7256.838709677421,-6833.612903225807,-8176.38709677419,-8587.096774193551,-9453.774193548388,-10193.806451612909,-9019.41935483871,-11808.67741935484,-11642.935483870968,-11900.90322580645,-12648.516129032258,-12132.225806451614,-15074.09677419355,-14266.387096774191,-15814.41935483871,-16168.870967741936,-17113.419354838723,3618.806451612904,18049.548387096773,17749.483870967742,17024.58064516129,17372.193548387102,58,2,10356,206,10144,0,0,0,0,0,0,0,0,0,0,0,0,0,0,0,0,0,0,0,0,0,0,0
Jussie_Smollett,35,5092,36,7580,-126.96774193548396,-252.38709677419345,-546.7741935483871,-634.2258064516129,-613.258064516129,-216.83870967741936,-236.64516129032265,-803.6129032258065,-620.258064516129,-1114.483870967743,-1042.7419354838703,-1018.0645161290324,-883.9354838709664,-1263.3225806451612,-828.0967741935485,-1286.225806451613,-877.7096774193549,-1254.2258064516127,-1299.0000000000032,-1289.9354838709664,-1723.4838709677415,-1390.741935483871,-1852.3870967741927,-1619.3548387096776,-1998.7741935483853,-2094.1935483871,-2073.6774193548376,-2520.6451612903224,-2259.3870967741937,-2723.548387096774,35,7,4388,285,1722,404,264,244,764,699,0,0,0,0,0,0,0,0,0,0,0,0,0,0,0,0,0,0
Jussie_Smollett,170,72205,161,105485,-4929.387096774193,-7583.258064516131,-13779.967741935485,-12299.193548387097,-5776.741935483871,1661.6774193548383,-3213.903225806472,-2566.3870967741937,-8278.483870967742,-10334.290322580662,-9553.032258064515,-15228.645161290322,-12340.129032258064,-17988.258064516107,-21604.612903225803,-21728.580645161284,-16959.741935483853,-14604.322580645146,-21176.35483870968,-17192.419354838676,-12341.516129032258,-19490.516129032258,-12720.612903225809,-12253.096774193527,-15886.74193548387,-21987.06451612903,-23242.838709677424,-24741.35483870968,-30824.225806451614,-35801.6129032258,129,15,12350,1167,112,1384,935,1487,842,1484,1156,460,654,1055,370,399,427,400,0,0,0,0,0,0,0,0,0,0
Jussie_Smollett,68,45503,115,64011,-2354.2903225806454,-1454.1612903225816,-3039.612903225805,-3910.0,-5874.451612903225,-4349.0,-4891.129032258064,-7016.322580645161,-7318.161290322588,-8232.90322580645,-8802.0,-10249.870967741936,-9207.419354838696,-5077.064516129032,-5697.677419354837,-7215.935483870975,-6478.741935483871,-6996.903225806451,-8232.064516129032,-10978.806451612903,-10040.0,-10588.548387096776,-13152.161290322583,-13749.709677419356,-16217.258064516129,-15312.193548387097,-18000.83870967742,-15685.516129032258,-16537.838709677413,-16920.83870967742,50,6,7463,3181,1496,389,954,284,1153,0,0,0,0,0,0,0,0,0,0,0,0,0,0,0,0,0,0,0
Jussie_Smollett,93,37418,102,102565,-3920.387096774194,-4430.0,-7819.16129032258,-9606.0,-10816.0,-15708.32258064516,-15158.83870967742,-19337.09677419355,-18039.93548387097,-21778.67741935483,-22050.35483870968,-26240.709677419363,-25218.129032258064,-28210.67741935484,-31380.8064516129,-32937.35483870968,-36796.12903225806,-39208.967741935485,-41009.0,-44544.032258064544,-44592.51612903226,-47176.51612903226,-48826.29032258064,-53664.29032258064,-52816.70967741936,-57727.06451612903,-56918.8064516129,-61862.83870967742,-61030.0,-65322.74193548384,77,3,7262,218,3536,3502,0,0,0,0,0,0,0,0,0,0,0,0,0,0,0,0,0,0,0,0,0,0
Kate_Spade,56,28441,68,44998,-2748.3870967741937,-2578.0967741935483,-2528.6451612903224,-3113.1935483870966,-4624.935483870968,-4847.516129032255,-2974.709677419354,-5761.0,-6600.4838709677415,-6273.741935483858,-6534.032258064516,-8081.645161290323,-7324.129032258064,-8044.0,-9791.419354838725,-10050.64516129033,-9493.32258064516,-12385.967741935485,-11725.0,-11783.387096774211,-13317.548387096758,-12383.838709677417,-13883.90322580645,-13101.16129032258,-13735.709677419354,-15275.064516129032,-14956.419354838716,-15134.0,-17562.064516129045,-17389.0,47,6,8519,206,816,3215,834,1705,1743,0,0,0,0,0,0,0,0,0,0,0,0,0,0,0,0,0,0,0
Kate_Spade,62,26799,88,70554,-3939.0,-6390.0,-8376.0,-10775.806451612903,-12499.258064516129,-13957.806451612903,-15439.16129032258,-15863.451612903224,-16520.25806451613,-21360.516129032258,-20886.0,-20246.0,-21515.741935483864,-21966.0,-22260.0,-22343.90322580645,-22440.70967741936,-27291.516129032258,-26380.516129032258,-28587.032258064515,-30401.0,-32175.93548387097,-32612.548387096773,-33141.354838709674,-37518.87096774195,-36628.967741935485,-41553.1935483871,-41005.58064516129,-43717.61290322578,-44535.0,52,4,7483,211,770,1464,5032,0,0,0,0,0,0,0,0,0,0,0,0,0,0,0,0,0,0,0,0,0
Kate_Spade,88,28134,92,72413,-2907.9677419354834,-7502.645161290322,-10088.354838709678,-13688.58064516129,-13274.90322580645,-7080.774193548387,-7855.838709677427,-11736.16129032258,-10667.225806451614,-16389.8064516129,-16297.387096774191,-16256.741935483871,-16296.12903225805,-20828.032258064515,-18910.70967741936,-25322.322580645163,-24010.80645161291,-29813.612903225807,-28630.032258064515,-32330.96774193548,-34204.54838709677,-32331.83870967742,-33935.48387096774,-34483.0,-34681.0,-41119.77419354839,-39936.67741935484,-45254.19354838711,-46399.70967741936,-45239.35483870968,73,7,9109,1166,2599,1698,854,871,877,1044,0,0,0,0,0,0,0,0,0,0,0,0,0,0,0,0,0,0
Kate_Spade,51,22887,56,31909,-98.25806451612902,-84.51612903225806,-2216.677419354838,-2186.2580645161293,-2947.870967741936,-3858.3870967741937,-4369.451612903225,-4486.67741935484,-4355.387096774193,-5914.45161290323,-4277.83870967742,-6675.774193548387,-4888.193548387097,-6828.967741935481,-6075.999999999999,-6741.032258064516,-6782.387096774193,-7263.16129032258,-7656.967741935488,-6781.870967741926,-8846.354838709678,-6941.677419354839,-9380.483870967742,-7730.161290322585,-9174.096774193538,-8868.709677419354,-9314.741935483871,-9347.225806451614,-9538.935483870957,-10510.258064516123,40,3,10339,589,3770,5974,0,0,0,0,0,0,0,0,0,0,0,0,0,0,0,0,0,0,0,0,0,0
Kobe_Bean_Bryant,66,44692,104,67123,-2346.064516129032,-3146.741935483872,-4598.322580645164,-3941.903225806452,-4772.645161290324,-6377.774193548392,-7112.0,-7957.483870967745,-8333.0,-10242.258064516129,-8836.0,-9907.645161290307,-10055.741935483871,-10639.225806451612,-12216.419354838725,-13237.0,-13927.83870967742,-14115.29032258064,-16573.290322580644,-15277.064516129032,-16764.74193548387,-17192.45161290323,-17828.580645161295,-18619.0,-18112.93548387096,-19598.387096774204,-19409.3870967742,-20040.354838709674,-21915.064516129045,-22895.0,51,14,11692,206,1563,787,793,763,762,1649,754,636,637,1494,562,564,516,0,0,0,0,0,0,0,0,0,0,0
Kobe_Bean_Bryant,100,42094,118,107408,-4376.0,-8488.774193548386,-10286.645161290322,-14424.548387096776,-13643.612903225803,-16163.290322580646,-19345.70967741936,-20350.25806451613,-23156.19354838709,-24757.483870967742,-27995.06451612903,-27551.58064516129,-30568.129032258064,-32370.451612903227,-35466.0,-34729.0,-37717.32258064516,-38936.54838709676,-41660.64516129032,-44694.74193548387,-46322.3870967742,-45900.06451612903,-50283.0,-52875.29032258064,-54075.67741935484,-59022.06451612903,-57832.8064516129,-61300.35483870968,-63269.032258064544,-64599.45161290323,85,7,13412,212,746,2286,4505,701,707,4255,0,0,0,0,0,0,0,0,0,0,0,0,0,0,0,0,0,0
Kobe_Bean_Bryant,52,13078,73,9841,-94.48387096774194,-184.35483870967744,-417.74193548387166,-723.9354838709678,-490.4193548387097,-810.7741935483884,-973.0967741935484,-565.4193548387098,-677.0,-768.6451612903226,-830.4516129032257,-923.0,-950.2903225806452,-961.1935483870966,-935.0645161290324,-1103.612903225808,-1410.2258064516132,-1390.6774193548383,965.8064516129032,3282.032258064516,3466.838709677419,3500.870967741935,3864.387096774196,3907.387096774193,3680.225806451611,3361.3548387096776,3759.483870967742,3376.4516129032254,3066.5161290322644,2807.0,50,6,6827,1559,451,1688,896,816,1417,0,0,0,0,0,0,0,0,0,0,0,0,0,0,0,0,0,0,0
Kobe_Bean_Bryant,32,7139,32,6440,-333.06451612903226,-170.51612903225802,-409.0967741935484,-264.29032258064507,-373.80645161290334,-237.3225806451612,-231.6451612903228,-190.6129032258063,-93.09677419354938,-174.16129032258044,5.129032258064967,-191.9677419354836,132.12903225806338,-159.03225806451582,305.16129032258107,-81.16129032258067,434.0645161290323,36.193548387096655,484.483870967742,91.54838709677416,534.9032258064517,146.90322580645167,585.3225806451612,202.258064516129,612.741935483871,234.61290322580632,640.1612903225806,266.96774193548384,667.5806451612904,299.32258064516134,32,5,6499,233,311,1312,2626,2017,0,0,0,0,0,0,0,0,0,0,0,0,0,0,0,0,0,0,0,0
Lamar_Odom,74,26027,60,34979,-1501.6774193548388,-3059.8387096774195,-2293.032258064516,-4351.677419354839,-6225.096774193548,-4979.225806451614,-6516.935483870968,-1399.16129032258,-1173.0967741935483,977.8064516129032,902.0,-415.7419354838567,-2148.451612903226,-292.4838709677418,-3385.2903225806454,-1696.0000000000057,-3449.290322580636,-3509.1935483870966,-4364.967741935484,-5078.161290322586,-5635.806451612903,-7059.225806451613,-5350.806451612897,-8243.064516129032,-6324.935483870968,-8829.419354838685,-8314.903225806464,-9270.741935483871,-9653.645161290322,-9025.32258064516,63,2,7732,4499,3190,0,0,0,0,0,0,0,0,0,0,0,0,0,0,0,0,0,0,0,0,0,0,0
Lamar_Odom,58,26403,74,32332,-84.9032258064516,-1163.8064516129032,4046.161290322581,3808.0,2828.064516129029,1565.3225806451612,1109.4193548387095,82.09677419354833,-399.3225806451611,-148.25806451612942,-682.741935483871,415.64516129032256,-872.967741935484,-346.0322580645143,-1385.548387096774,-1855.4516129032256,-1882.4193548387093,-2812.612903225808,-1555.645161290323,-3973.064516129032,-2382.7096774193665,-3695.1612903225737,-4014.774193548387,-4055.709677419355,-5098.322580645177,-4115.935483870968,-6547.387096774193,-5390.161290322609,-6559.225806451608,-5903.387096774194,47,6,8390,1113,762,3433,779,1298,993,0,0,0,0,0,0,0,0,0,0,0,0,0,0,0,0,0,0,0
Lamar_Odom,43,26160,181,40792,-160.0,-220.0,-430.48387096774206,-1713.1612903225805,1876.0967741935483,6501.516129032258,17184.935483870966,15713.645161290322,15778.8064516129,17484.1935483871,18563.225806451614,18594.0,15956.225806451608,15169.870967741936,13734.0,12410.096774193553,11369.0,7895.0,5567.967741935484,2054.0,-1479.0,-2785.0,-6303.0,-9845.0,-12481.22580645164,-13494.0,-13673.354838709678,-13934.0,-14108.83870967742,-14348.83870967742,10,1,3792,3792,0,0,0,0,0,0,0,0,0,0,0,0,0,0,0,0,0,0,0,0,0,0,0,0
Lamar_Odom,24,4228,23,4086,-6.580645161290324,55.35483870967742,-4.967741935483879,13.677419354838708,-179.74193548387078,-284.6774193548385,-51.25806451612904,-431.64516129032256,-189.0000000000002,-148.80645161290283,-447.3870967741936,-18.87096774193552,-303.2580645161295,-300.7419354838707,-19.83870967741936,-397.2903225806452,-56.7096774193551,-93.32258064516084,-342.03225806451616,81.54838709677423,-251.5483870967746,-128.38709677419487,142.5806451612904,-231.9354838709677,206.70967741935613,71.38709677419268,-126.67741935483866,287.96774193548384,-94.6129032258068,36.580645161290434,24,4,3748,603,1590,433,1091,0,0,0,0,0,0,0,0,0,0,0,0,0,0,0,0,0,0,0,0,0
Luke_Perry,26,9087,27,5211,-439.5483870967742,-75.38709677419355,-542.6451612903226,-187.0322580645161,-395.25806451612925,-483.0645161290323,-232.35483870967744,-675.3870967741935,-310.741935483871,-782.483870967742,-425.1290322580637,-603.9677419354837,-703.5483870967739,-384.7096774193549,-833.2258064516129,-882.0967741935484,-867.3225806451612,-599.1290322580647,-567.3548387096774,-565.8709677419355,-1067.0322580645177,-198.16129032257493,1567.3225806451535,4105.290322580645,3983.290322580645,4226.967741935484,3755.193548387097,4018.25806451613,3763.419354838711,3681.677419354839,24,4,3360,1084,350,400,1526,0,0,0,0,0,0,0,0,0,0,0,0,0,0,0,0,0,0,0,0,0
Luke_Perry,92,22591,78,69171,-3373.4193548387098,-4923.83870967742,-8072.258064516129,-9688.225806451608,-13490.09677419355,-11375.064516129032,-9963.741935483871,-16449.83870967742,-17214.774193548386,-16072.774193548386,-15212.451612903224,-21487.387096774182,-21210.09677419356,-22560.25806451613,-26087.290322580644,-24250.83870967742,-30691.129032258064,-29809.7741935484,-32167.322580645145,-35126.3870967742,-33193.22580645161,-39665.22580645161,-37486.645161290326,-38589.35483870963,-43331.48387096774,-41947.7741935484,-48261.32258064516,-48118.74193548387,-46667.645161290326,-46562.32258064516,80,9,8650,1172,899,777,943,1567,804,844,658,974,0,0,0,0,0,0,0,0,0,0,0,0,0,0,0,0
Luke_Perry,40,27344,62,39076,-15.677419354838708,-371.4193548387097,-2963.032258064516,-2327.0,-898.5483870967743,-3510.064516129032,-2864.0,-2155.6774193548385,-4786.096774193548,-4138.0,-3377.8064516129034,-4856.129032258064,-3937.225806451613,-5415.935483870968,-4713.1612903225805,-7299.741935483872,-5424.580645161284,-6035.258064516125,-7055.870967741945,-7069.645161290306,-7401.451612903229,-7980.064516129029,-8683.709677419356,-8861.16129032258,-9119.70967741936,-10513.548387096764,-10441.419354838708,-10429.741935483864,-12517.419354838716,-12118.580645161292,30,5,6222,2369,1539,819,1041,448,0,0,0,0,0,0,0,0,0,0,0,0,0,0,0,0,0,0,0,0
Luke_Perry,70,25298,100,72338,-4577.290322580645,-4443.580645161291,-4532.0,-5338.1612903225805,-5956.451612903225,-9956.0,-14833.258064516129,-13045.32258064516,-13021.967741935488,-14705.806451612903,-16149.0,-18678.870967741936,-20486.0,-22298.516129032258,-24110.0,-23461.64516129032,-23542.93548387097,-26453.677419354823,-27884.0,-29692.451612903227,-31228.09677419355,-33752.77419354839,-34184.87096774194,-35467.12903225804,-35201.25806451613,-38792.451612903205,-39058.83870967742,-42419.70967741934,-43056.41935483871,-46166.67741935483,60,5,5664,212,1500,772,1831,1331,0,0,0,0,0,0,0,0,0,0,0,0,0,0,0,0,0,0,0,0
Mac_Miller,122,190317,117,71561,-3360.548387096774,-5246.580645161291,-2468.5806451612902,1141.8064516129032,-1941.8387096774204,-7965.290322580645,-5385.096774193548,-11862.548387096776,-12485.096774193547,-11038.935483870968,-17501.032258064515,-11403.32258064516,-8073.290322580624,-3143.16129032258,-9549.225806451612,-11539.25806451614,-14957.32258064516,-13834.483870967742,-18867.870967741947,-17967.45161290323,-23752.516129032258,-21030.25806451613,-11742.451612903224,-10496.645161290322,55129.8064516132,81516.7741935484,101445.93548387096,124911.16129032258,122051.45161290324,116802.54838709676,81,9,12594,1197,791,322,1136,804,1058,1632,4821,827,0,0,0,0,0,0,0,0,0,0,0,0,0,0,0,0
Mac_Miller,81,58133,103,32663,-619.3870967741935,-999.7741935483872,-2137.2903225806454,-3046.0,-3263.0,-3780.58064516129,1313.3225806451612,769.0,201.61290322580737,838.3870967741966,-157.4516129032222,-2176.1612903225805,-1426.258064516129,-1797.67741935485,2873.548387096774,18523.8064516129,18420.483870967742,18292.0,16908.580645161277,15267.064516129032,15867.967741935485,16311.612903225814,14958.09677419355,13640.67741935484,14250.129032258064,13913.77419354839,12642.387096774191,13453.096774193526,18418.774193548383,17382.09677419355,63,4,9107,1001,1740,1049,5317,0,0,0,0,0,0,0,0,0,0,0,0,0,0,0,0,0,0,0,0,0
Mac_Miller,31,9947,33,5969,-435.2903225806452,-499.64516129032256,-375.7096774193549,-92.32258064516128,-102.4516129032258,-661.9354838709678,-477.0322580645161,-795.9032258064515,-976.9032258064516,-561.9032258064516,-1009.548387096774,-600.483870967742,-1044.1935483870968,-655.0645161290322,-1093.8387096774193,-683.9354838709673,-1063.9032258064528,-765.8387096774172,-1030.096774193548,-845.9999999999994,-1168.0967741935483,-1210.0967741935483,-1188.3548387096776,-772.9677419354839,-768.258064516129,-1295.3870967741937,3921.161290322581,3790.967741935484,4024.58064516129,3580.322580645161,30,3,4116,962,403,2751,0,0,0,0,0,0,0,0,0,0,0,0,0,0,0,0,0,0,0,0,0,0
Mac_Miller,20,4270,20,3995,-367.4516129032258,-177.12903225806454,-70.41935483870968,-444.8064516129032,-254.09677419354853,-63.83870967741936,-445.1612903225807,-287.0967741935485,-20.25806451612904,-369.41935483870935,-301.6129032258065,15.32258064516128,-288.4193548387094,-322.45161290322653,40.9032258064516,-217.16129032258044,-327.6774193548388,91.48387096774192,-120.6451612903224,-284.03225806451616,154.06451612903226,-11.870967741935344,-228.3870967741936,203.87096774193589,99.16129032258073,-170.741935483871,189.90322580645056,187.4516129032272,-136.09677419354833,174.22580645161338,20,1,3870,3870,0,0,0,0,0,0,0,0,0,0,0,0,0,0,0,0,0,0,0,0,0,0,0,0
Malaysia_Airlines,212,509007,186,71405,-2568.6129032258063,-2128.8064516129016,-1477.0967741935483,-3145.032258064516,-5957.645161290323,72.22580645161281,-5546.225806451613,9912.064516129032,7708.870967741943,7802.612903225806,6881.58064516129,3117.741935483857,3740.322580645153,1767.548387096774,15033.064516129032,95667.06451612907,130360.45161290324,129477.70967741932,155741.99999999994,242981.48387096773,240947.29032258064,239743.16129032252,239388.0322580645,238136.2258064516,232985.1935483871,240553.8064516129,253806.35483870964,265667.2903225806,319246.5161290321,403140.129032258,139,11,15434,924,2548,823,3466,871,1964,889,870,871,1983,182,0,0,0,0,0,0,0,0,0,0,0,0,0,0
Malaysia_Airlines,120,273201,130,43718,-72.41935483870967,-133.0,-436.0,-968.7096774193548,-2104.258064516132,-3331.548387096778,-3997.935483870968,-4508.354838709677,-5426.677419354844,-6513.774193548392,-7221.612903225806,-7919.258064516129,-3772.774193548373,-3166.870967741935,-3922.161290322581,-5254.83870967742,-4880.0000000000255,-6557.096774193539,7805.129032258064,17342.612903225807,16651.03225806449,16769.2258064516,22184.41935483871,43185.74193548387,57823.06451612903,109638.8709677421,137950.80645161288,170154.03225806452,197504.35483870967,229572.67741935485,69,6,15504,845,2295,3300,5405,2619,1028,0,0,0,0,0,0,0,0,0,0,0,0,0,0,0,0,0,0,0
Malaysia_Airlines,39,13206,40,8621,-234.03225806451616,-547.483870967742,-146.9032258064516,-510.7741935483872,-551.0322580645162,-198.8064516129032,-653.1935483870967,-404.2258064516128,-709.7096774193548,-694.4193548387096,-226.29032258064512,-250.6129032258064,-96.0645161290514,4334.096774193548,4554.4838709677415,4095.129032258064,4392.322580645162,4505.516129032257,4089.903225806452,4462.645161290323,4274.419354838709,4025.677419354839,4540.741935483871,4171.935483870965,4244.451612903225,4439.83870967742,3974.967741935484,4307.516129032256,4495.064516129034,4063.741935483871,38,5,7219,723,1252,1608,1329,2307,0,0,0,0,0,0,0,0,0,0,0,0,0,0,0,0,0,0,0,0
Malaysia_Airlines,34,7994,34,6851,-291.7096774193549,-218.5483870967741,-205.8387096774196,-360.8709677419352,-27.09677419354876,-407.8064516129032,5.903225806451637,-371.741935483871,76.16129032258064,-284.6774193548388,104.83870967742077,-53.25806451612999,39.83870967741953,218.0967741935472,-9.935483870966095,465.0645161290323,70.54838709677416,456.3225806451613,78.61290322580632,560.5806451612904,230.45161290322488,581.1290322580674,549.4193548387068,557.6774193548404,706.8387096774186,348.83870967741933,884.4838709677421,489.9032258064515,1008.741935483871,630.9677419354837,34,5,7314,642,392,3007,966,2307,0,0,0,0,0,0,0,0,0,0,0,0,0,0,0,0,0,0,0,0
Meghan_Markle,203,178220,131,90937,-4936.032258064516,-11.967741935483843,-3552.6129032258063,-9071.483870967742,-12827.516129032256,-12769.74193548386,-15918.967741935494,-22571.967741935485,-17933.38709677419,-14159.83870967742,-19916.838709677435,-24999.451612903227,-29533.322580645163,-30092.064516128965,-33051.25806451613,-32581.93548387097,-38976.8064516129,-43503.67741935484,-38744.4838709678,-28414.19354838713,-13092.16129032258,-2477.612903225887,13180.29032258064,25317.09677419354,39866.67741935478,48372.258064516114,75547.87096774142,90348.09677419356,91615.96774193548,85225.87096774194,140,10,30694,1191,798,797,1924,1690,574,479,910,869,21450,0,0,0,0,0,0,0,0,0,0,0,0,0,0,0
Meghan_Markle,71,84255,83,36106,-2.1290322580645213,-968.032258064516,-1138.0,-2240.516129032258,-3343.5806451612902,-3915.516129032263,-5296.903225806452,-3809.161290322578,-4060.967741935485,-5757.290322580645,-4524.290322580646,-5226.193548387097,-6772.225806451615,-5210.419354838704,-6335.741935483871,-7525.258064516125,-6350.774193548387,-7689.290322580645,-8893.25806451612,-7784.322580645161,-9576.87096774194,-9396.83870967742,-10835.612903225803,-10032.387096774191,-10631.870967741952,-12756.354838709678,-869.1612903226157,28145.548387096773,41934.03225806452,48187.51612903226,50,7,9250,595,743,2419,824,550,2139,1950,0,0,0,0,0,0,0,0,0,0,0,0,0,0,0,0,0,0
Meghan_Markle,31,5773,32,6599,-8.774193548387084,-401.1612903225807,-105.41935483870964,-443.8064516129033,-199.1935483870963,-464.74193548387103,-196.0967741935487,-540.1612903225806,-590.4516129032259,-393.0967741935494,-106.1935483870968,-113.74193548387096,-671.0967741935484,-487.03225806451616,-792.5483870967744,-991.5806451612904,-580.9677419354839,-1036.9032258064517,-629.258064516129,-1084.225806451613,-736.5483870967743,-1189.548387096774,-897.8387096774194,-1348.8709677419356,-890.1290322580645,-1339.1935483870968,-882.4193548387096,-1329.516129032258,-863.7096774193549,-1308.8387096774193,31,5,5149,371,1887,395,623,1867,0,0,0,0,0,0,0,0,0,0,0,0,0,0,0,0,0,0,0,0
Meghan_Markle,30,6088,31,5908,-349.83870967741933,-71.70967741935485,-425.5161290322581,-440.35483870967744,-913.2580645161296,-831.4516129032257,-871.9677419354838,-1141.7096774193549,-936.9354838709672,-1100.064516129033,-881.8064516129035,-504.67741935483855,-603.0645161290328,-493.0645161290329,-509.12903225806434,-469.0967741935482,-450.0645161290328,-448.0645161290312,-359.87096774193674,-409.7419354838692,-265.5483870967734,-412.1935483870971,-319.0967741935483,-472.0967741935481,-203.51612903225868,-412.1935483870956,-87.80645161290455,-351.83870967742064,34.03225806451684,-285.8064516129037,30,3,5484,282,3793,1407,0,0,0,0,0,0,0,0,0,0,0,0,0,0,0,0,0,0,0,0,0,0
NBA,4,996,4,957,-510.6774193548388,-492.35483870967744,-474.0322580645161,-457.1612903225807,-450.4516129032258,-443.741935483871,-437.03225806451616,-402.9677419354839,-286.8387096774195,-170.70967741935488,-54.58064516129025,16.06451612903226,10.90322580645162,5.74193548387097,0.5806451612903203,-61.22580645161285,-179.67741935483855,-298.1290322580642,-416.5806451612904,-456.8064516129032,-450.0967741935484,-443.3870967741936,-436.6774193548387,-339.38709677419365,-211.9032258064518,-84.41935483870998,43.064516129032256,54.483870967741936,49.322580645161295,44.16129032258064,4,1,916,916,0,0,0,0,0,0,0,0,0,0,0,0,0,0,0,0,0,0,0,0,0,0,0,0
NBA,40,14158,38,24294,19.41935483870968,-2749.8387096774195,-3364.7419354838707,-2543.2903225806454,-4964.225806451613,-5026.903225806453,-5372.064516129032,-5254.645161290323,-1601.6774193548397,7.774193548387117,745.2903225806434,1125.032258064516,1111.8064516129032,-2452.1290322580644,-2386.709677419354,-2565.096774193548,-6833.290322580643,-8249.451612903225,-8184.032258064516,-7784.741935483873,-5817.870967741939,-8377.645161290322,-11922.516129032256,-12037.741935483871,-12867.516129032258,-12802.09677419355,-11764.709677419352,-11609.612903225809,-11600.709677419354,-10131.67741935484,30,3,2054,1191,540,311,0,0,0,0,0,0,0,0,0,0,0,0,0,0,0,0,0,0,0,0,0,0
NBA,13,8137,20,12114,-1408.0,-1969.032258064516,-2474.870967741936,-2469.6451612903224,-2425.1290322580644,-2279.967741935484,-3280.129032258065,-3457.032258064516,-2956.451612903226,-3778.8387096774186,-4341.193548387097,-5570.4838709677415,-4800.419354838708,-3455.2580645161293,-4727.645161290323,-4915.0,-4922.741935483871,-3950.483870967743,-3427.064516129032,-4826.806451612903,-5324.16129032258,-6025.387096774193,-4054.3548387096807,-4219.451612903228,-5388.0,-5388.0,-5407.354838709677,-3947.516129032258,-3972.677419354839,-3997.83870967742,9,2,764,206,552,0,0,0,0,0,0,0,0,0,0,0,0,0,0,0,0,0,0,0,0,0,0,0
NBA,18,9127,27,23773,-20.0,-2411.0,-4648.0,-4596.0,-4616.0,-4417.0,-4437.0,-6781.0,-6214.0,-8779.0,-8727.0,-11078.0,-9192.0,-10540.0,-10540.0,-10560.0,-8397.0,-10971.0,-10919.0,-13272.0,-11398.0,-12740.0,-12740.0,-10596.0,-13556.0,-14527.0,-14527.0,-14547.0,-14567.0,-14626.0,14,2,792,211,533,0,0,0,0,0,0,0,0,0,0,0,0,0,0,0,0,0,0,0,0,0,0,0
Nelson_Mandela,71,32547,71,25314,-18.06451612903225,-1461.516129032258,-2817.6451612903243,-3084.258064516129,-3166.5806451612902,-3306.3870967741937,-3245.8064516129034,-5236.064516129032,-5186.580645161291,-5173.096774193545,-4302.709677419354,-4377.096774193548,-3831.3548387096776,-3785.612903225807,-4669.096774193503,-441.1290322580646,-3135.322580645165,-4022.516129032263,6120.806451612902,11158.709677419354,9879.967741935478,9475.580645161268,9880.83870967743,9023.451612903224,7930.451612903231,7957.741935483868,6417.25806451613,8355.193548387097,7090.999999999989,5278.064516129033,62,1,4959,4953,0,0,0,0,0,0,0,0,0,0,0,0,0,0,0,0,0,0,0,0,0,0,0,0
Nelson_Mandela,71,32389,82,38237,-795.0,-1359.741935483871,-2258.096774193548,-3914.870967741936,-4687.709677419355,-4173.806451612903,1018.2903225806444,1.0322580645161563,-1254.6774193548388,-948.1290322580656,237.8387096774196,-146.45161290322577,-1985.806451612904,-1972.5483870967744,-1275.4516129032236,-2607.1612903225778,-1730.806451612903,-3623.7419354838703,-3582.3870967741937,-2913.4516129032227,-2819.322580645161,-4923.354838709685,-4591.258064516129,-4067.387096774197,-6193.193548387097,-5589.1612903225805,-5432.774193548393,-7214.096774193548,-6095.096774193526,-6643.129032258064,57,6,12098,205,527,2013,2454,3436,3463,0,0,0,0,0,0,0,0,0,0,0,0,0,0,0,0,0,0,0
Nelson_Mandela,32,6671,33,7069,-408.1935483870968,-294.8387096774193,-517.9354838709678,-420.0645161290321,-458.2580645161288,-513.6774193548385,-379.5483870967748,-613.6774193548383,-303.5483870967741,-713.0967741935488,-257.2903225806451,-735.8064516129033,-237.16129032258064,-707.7741935483872,-161.0322580645161,-623.741935483871,-134.90322580645153,-589.7096774193549,-58.774193548387046,-505.67741935483866,-34.129032258064086,-468.5806451612901,-527.1290322580645,-313.90322580645267,0.2258064516130957,-7.322580645161281,-557.0645161290323,-383.1935483870967,-839.0322580645154,-880.5161290322582,32,4,6027,1934,432,1469,2192,0,0,0,0,0,0,0,0,0,0,0,0,0,0,0,0,0,0,0,0,0
Nelson_Mandela,28,6850,28,5621,-354.03225806451616,85.74193548387098,-287.0967741935484,-0.5161290322580605,-392.1612903225807,-22.290322580645466,-219.8709677419353,-124.77419354838727,4.193548387096854,-222.290322580646,176.5806451612903,-188.3870967741936,256.3225806451613,-127.45161290322584,337.06451612903226,-26.03225806451581,305.0645161290311,227.32258064516145,241.8709677419344,537.4516129032272,227.3225806451613,704.1612903225806,328.258064516129,873.9032258064517,479.1935483870967,989.7096774193552,686.3870967741939,918.806451612902,960.8064516129048,845.7741935483879,28,4,6290,433,262,3599,1996,0,0,0,0,0,0,0,0,0,0,0,0,0,0,0,0,0,0,0,0,0
Nipsey_Hussle,37,11802,39,7433,-235.0967741935484,-430.5806451612904,-25.0967741935484,-477.0322580645161,-158.96774193548376,-264.9354838709674,-656.8064516129033,-163.25806451612902,-575.7741935483863,-382.4838709677417,-143.5806451612899,-603.0967741935483,-656.4193548387096,-619.9032258064515,-116.48387096774192,-240.54838709677452,-524.4193548387093,-618.1290322580661,-982.9032258064516,-1042.1612903225807,-726.322580645161,-501.41935483870975,-705.8709677419372,3371.5806451613144,4055.548387096774,4305.1612903225805,3952.483870967739,4020.064516129034,4359.064516129032,3886.258064516129,36,3,5851,422,2077,3352,0,0,0,0,0,0,0,0,0,0,0,0,0,0,0,0,0,0,0,0,0,0
Nipsey_Hussle,113,35367,95,88612,-4290.322580645162,-5694.032258064517,-7863.548387096774,-13863.193548387097,-11979.967741935485,-18367.290322580644,-16481.774193548386,-22881.3870967742,-20710.09677419355,-22722.83870967742,-26330.032258064515,-26212.19354838709,-31176.129032258064,-31844.225806451617,-35656.22580645161,-33253.96774193548,-39234.41935483871,-39799.87096774193,-36484.1935483871,-32655.25806451613,-33884.838709677424,-37792.06451612903,-35880.6129032258,-42291.16129032258,-40825.83870967742,-47250.25806451613,-45733.93548387096,-51702.35483870968,-48774.6129032258,-55211.45161290323,96,11,11940,1166,546,786,784,1476,464,834,2013,2103,898,870,0,0,0,0,0,0,0,0,0,0,0,0,0,0
Nipsey_Hussle,52,35888,82,51750,-54.0,-1186.612903225806,-1222.6774193548388,-2228.5806451612907,-3415.032258064516,-3941.0967741935497,-3256.5806451612902,-4680.451612903225,-4443.09677419355,-4490.258064516129,-5491.193548387098,-5886.709677419355,-8552.483870967742,-7681.3548387096835,-8531.09677419355,-8491.419354838707,-8283.838709677419,-9004.35483870967,-9444.0,-12118.129032258064,-11123.48387096774,-12056.741935483871,-12206.967741935476,-12317.41935483871,-12831.645161290322,-13479.0,-16160.774193548388,-15058.645161290337,-16100.387096774191,-16445.3870967742,40,6,9680,1260,766,1386,816,2544,2896,0,0,0,0,0,0,0,0,0,0,0,0,0,0,0,0,0,0,0
Nipsey_Hussle,81,33155,97,89321,-623.8709677419355,-4565.0,-7619.451612903224,-8976.0,-12023.967741935485,-14559.612903225809,-15629.387096774191,-17431.0,-19000.29032258064,-19755.35483870968,-20373.0,-24922.03225806453,-24291.16129032258,-28490.903225806444,-27825.032258064515,-32110.225806451614,-34924.870967741925,-35194.0,-37036.1935483871,-37499.70967741936,-38034.645161290326,-42950.645161290326,-41547.0,-46460.6129032258,-45124.0,-48931.74193548384,-49009.5806451613,-48779.1935483871,-52132.74193548386,-52355.06451612903,68,7,9772,217,557,1960,844,1565,1310,3319,0,0,0,0,0,0,0,0,0,0,0,0,0,0,0,0,0,0
North_Korea,21,4556,21,4844,-10.7741935483871,-319.03225806451604,-402.258064516129,-66.38709677419354,-433.3548387096771,-459.5161290322581,-121.67741935483868,-517.806451612903,-486.25806451612914,-164.96774193548384,-590.3870967741932,-508.3548387096775,-231.25806451612905,-685.1290322580633,-548.1935483870976,-297.5483870967741,-766.1612903225807,-577.6451612903227,-333.8387096774193,-800.483870967742,-558.8709677419365,-310.1290322580645,-774.8064516129033,-503.193548387097,-286.41935483870964,-749.1290322580645,-465.38709677419456,-293.7096774193548,-754.4516129032259,-434.0645161290342,21,4,4136,354,1159,376,2241,0,0,0,0,0,0,0,0,0,0,0,0,0,0,0,0,0,0,0,0,0
North_Korea,95,34402,84,53893,-2321.870967741936,-3675.741935483871,-3517.451612903226,-3825.483870967742,1435.5806451612902,-654.3225806451596,-4756.096774193548,-4332.870967741936,1601.6451612903224,2754.516129032258,-1478.5806451612902,-167.1612903225914,-3779.161290322583,-5961.483870967753,-4770.290322580648,-8755.935483870968,-6865.225806451614,-6794.677419354839,-10429.25806451615,-9996.67741935484,-11678.80645161292,-14381.16129032258,-12447.129032258064,-13367.032258064535,-15505.09677419355,-19012.64516129032,-17112.064516129034,-21363.3870967742,-19484.032258064515,-19467.516129032258,76,10,10394,1349,2240,1544,831,856,1017,837,815,826,55,0,0,0,0,0,0,0,0,0,0,0,0,0,0,0
North_Korea,43,19801,46,28343,-712.4516129032257,-2048.032258064516,-2498.32258064516,-1526.258064516129,-3545.9677419354834,-3062.3870967741937,-2774.5161290322603,-4937.129032258064,-3770.032258064516,-4511.1612903225805,-5702.677419354839,-4006.870967741932,-5302.709677419355,-5826.612903225803,-4646.967741935484,-6614.064516129034,-6212.096774193548,-5789.709677419354,-8064.806451612903,-6936.161290322582,-6180.354838709677,-7601.354838709677,-7996.838709677412,-6972.548387096775,-9106.290322580642,-8542.677419354839,-8310.000000000004,-10409.451612903224,-9176.548387096767,-8549.935483870968,33,6,8454,1216,2316,824,814,842,2442,0,0,0,0,0,0,0,0,0,0,0,0,0,0,0,0,0,0,0
North_Korea,46,19875,50,27712,-2217.967741935484,-1998.0,-2022.903225806452,-2653.161290322581,-3782.83870967742,-3790.2258064516127,-3587.5806451612866,-5460.741935483871,-3847.548387096774,-4924.677419354839,-4928.58064516129,-4633.193548387094,-6563.580645161291,-4963.774193548392,-4760.5161290322585,-7117.483870967742,-5829.129032258065,-6592.419354838709,-6935.161290322586,-5825.419354838709,-8197.322580645161,-6908.000000000006,-7585.258064516129,-7963.096774193553,-6780.774193548387,-9163.16129032258,-7901.774193548392,-8579.09677419355,-8995.741935483875,-7956.290322580652,36,4,8461,205,1208,3769,3273,0,0,0,0,0,0,0,0,0,0,0,0,0,0,0,0,0,0,0,0,0
Olympics,79,37213,70,35280,-2818.6774193548385,-3831.3548387096776,-5388.774193548387,-5344.83870967742,-154.54838709677423,-1607.258064516129,-3224.935483870968,-3249.4193548387098,-3319.0967741935483,-5180.774193548387,-7042.451612903225,-8950.129032258064,-6947.225806451613,8683.064516129032,8379.838709677419,8769.064516129032,5735.483870967742,7734.677419354843,6245.129032258064,5851.806451612903,5055.774193548387,4666.387096774193,3854.4193548387098,3471.967741935484,2697.064516129032,2318.5483870967746,1527.7096774193546,1153.1290322580646,1907.354838709677,1965.7096774193549,68,3,7431,698,2464,4214,0,0,0,0,0,0,0,0,0,0,0,0,0,0,0,0,0,0,0,0,0,0
Olympics,31,14429,34,18525,-976.9032258064516,-579.3870967741932,-1942.935483870968,-2053.806451612904,-1076.0645161290329,-846.483870967742,-2041.580645161289,-3262.1612903225805,-2172.2258064516127,-1402.8064516129032,-1445.3870967741934,-1431.0,-2718.3870967741937,-3813.032258064516,-2762.709677419354,-2049.7741935483846,-3470.935483870961,-4009.129032258066,-2933.5161290322567,-3262.9677419354807,-4588.516129032251,-3995.9354838709705,-3040.7741935483864,-4346.483870967742,-5447.129032258064,-4365.096774193548,-3557.6774193548385,-4868.064516129032,-5970.709677419355,-4911.419354838709,24,5,6480,847,739,1601,819,2474,0,0,0,0,0,0,0,0,0,0,0,0,0,0,0,0,0,0,0,0
Olympics,16,3403,18,3935,-464.8064516129032,-363.64516129032256,-206.67741935483872,-512.4838709677421,-654.0322580645161,-263.838709677419,-330.22580645161287,-722.4516129032257,-508.4516129032252,-283.258064516129,-647.1290322580651,-726.6774193548387,-314.93548387096774,-451.9677419354838,-783.0967741935483,-528.1935483870963,-369.8387096774194,-792.2903225806465,-784.5483870967735,-405.5161290322581,-600.2258064516144,-869.7419354838709,-541.4838709677415,-429.41935483870975,-895.1612903225806,-785.419354838709,-440.0967741935484,-483.4516129032258,-512.0,-512.0,16,4,3083,232,803,797,1251,0,0,0,0,0,0,0,0,0,0,0,0,0,0,0,0,0,0,0,0,0
Olympics,17,3476,17,3208,-17.483870967741936,-66.58064516129026,-361.4516129032258,-237.70967741935493,-80.6774193548387,-309.3225806451611,-449.3870967741936,-151.45161290322608,-84.41935483870968,-451.8387096774191,-410.06451612903305,-8.225806451612883,-122.5483870967741,-393.77419354838713,-184.61290322580737,38.03225806451616,-215.51612903225785,-330.7096774193548,22.38709677419252,70.2903225806452,-310.16129032258067,-232.0967741935499,120.483870967742,-17.90322580645082,-265.0967741935484,-13.612903225806662,195.74193548387103,-83.09677419354745,-173.03225806451616,243.8709677419335,17,6,3136,258,779,412,399,396,886,0,0,0,0,0,0,0,0,0,0,0,0,0,0,0,0,0,0,0
Olympics_2012,113,43741,100,55347,-1504.0,-3405.032258064515,-5773.0,-5548.0,-7034.258064516129,-8615.41935483871,-10497.16129032258,-10618.612903225809,-5450.129032258064,-6698.129032258064,-9678.741935483871,-11053.741935483868,-9655.419354838714,-12063.58064516129,-11792.193548387097,-11665.709677419349,-13383.67741935484,-15632.032258064515,-15330.645161290322,-16840.0,-16244.451612903236,-16894.83870967742,-19223.09677419355,-19651.48387096776,-20389.161290322583,-21936.483870967764,-20405.548387096776,-23944.16129032258,-17770.774193548386,-11627.483870967748,99,6,11483,685,3098,2499,1713,853,2623,0,0,0,0,0,0,0,0,0,0,0,0,0,0,0,0,0,0,0
Olympics_2012,103,98431,121,45607,-65.0,-482.7096774193554,-1257.0,-2673.1935483870966,-5726.935483870968,-5760.290322580645,-6555.516129032258,-7389.709677419353,-8217.741935483873,-8847.483870967742,-9391.032258064515,-9933.58064516129,-10691.096774193542,-11586.290322580644,-12537.548387096766,-13208.193548387097,-11197.225806451574,-7606.225806451606,2861.5806451612902,5639.25806451613,4682.870967741936,4607.935483870968,14391.387096774191,14745.83870967742,12634.290322580646,11321.741935483871,17076.193548387095,17910.870967741936,36079.096774193546,52698.16129032258,72,9,11785,806,2368,1630,2472,823,1869,397,471,937,0,0,0,0,0,0,0,0,0,0,0,0,0,0,0,0
Olympics_2012,24,5162,24,5801,-443.741935483871,-35.935483870967744,-350.1290322580642,-403.1935483870968,-68.83870967741936,-526.4516129032259,-162.4516129032261,-294.4516129032256,-552.6774193548387,-147.67741935483872,-619.1612903225807,-355.9354838709687,-263.7419354838709,-649.3870967741935,-199.51612903225808,-574.2258064516126,-512.032258064517,-233.4193548387097,-689.0967741935484,-251.096774193548,-497.5161290322578,-667.0645161290331,-245.25806451612897,-715.8064516129034,-363.9999999999995,-369.77419354838696,-696.0322580645162,-409.0967741935483,-845.6129032258044,-753.9032258064512,24,3,4682,1201,1650,1831,0,0,0,0,0,0,0,0,0,0,0,0,0,0,0,0,0,0,0,0,0,0
Olympics_2012,27,5423,27,5233,-355.7096774193548,-86.6774193548387,-467.1290322580645,-85.06451612903226,-360.548387096774,-248.451612903226,-104.16129032258058,-384.6774193548387,29.4516129032258,-345.0967741935484,79.77419354838712,-280.2258064516126,-26.483870967742178,-48.48387096774181,-196.90322580645167,184.5806451612903,-184.06451612903223,-184.77419354838707,-548.483870967742,-228.93548387096865,72.77419354838605,120.12903225806532,-84.06451612903311,333.8709677419355,-40.741935483871,430.1935483870968,30.83870967741933,279.74193548387075,125.2580645161292,27.48387096774188,27,3,4883,1848,2528,507,0,0,0,0,0,0,0,0,0,0,0,0,0,0,0,0,0,0,0,0,0,0
Paris,16,7293,17,2792,-18.32258064516129,-53.096774193548335,-446.9677419354839,-338.25806451612914,-92.4516129032258,-283.67741935483855,-553.258064516129,-351.1290322580647,-186.61290322580643,-491.7741935483869,-636.5483870967743,-668.483870967742,-696.7741935483871,-676.516129032258,-648.8387096774194,-213.64516129032256,-236.87096774193537,-268.80645161290323,-251.51612903225808,-422.903225806451,-794.7741935483872,1412.2903225806383,4435.322580645161,4344.935483870968,4294.935483870968,4471.645161290322,4536.1612903225805,4159.225806451614,4092.6451612903215,4493.58064516129,15,1,1766,1760,0,0,0,0,0,0,0,0,0,0,0,0,0,0,0,0,0,0,0,0,0,0,0,0
Paris,40,26099,138,23547,-100.0,-220.0,-220.0,-1368.354838709677,-2381.1935483870966,3038.9677419355085,6593.225806451613,13323.612903225823,15788.451612903224,15781.32258064516,17002.16129032258,17760.193548387102,18507.41935483871,18731.0,16509.0,15953.258064516123,15248.548387096776,13833.58064516129,13731.0,10425.419354838708,10277.67741935484,8093.0,6872.0,4661.774193548386,3377.806451612903,3292.0,3212.0,3092.0,2815.870967741936,2682.967741935484,11,1,3791,3791,0,0,0,0,0,0,0,0,0,0,0,0,0,0,0,0,0,0,0,0,0,0,0,0
Paris,24,9765,33,15110,-36.64516129032258,12.0,-39.0,-59.0,-720.2903225806446,-1036.0,-1541.0322580645156,-1195.6451612903224,-1218.225806451613,-1685.1612903225791,-2612.0,-3594.741935483871,-3376.548387096774,-3399.1290322580644,-4491.677419354839,-3099.032258064514,-4493.774193548381,-5027.774193548389,-3998.225806451612,-4371.516129032255,-5685.258064516122,-5091.77419354839,-4249.032258064515,-5547.483870967742,-6642.129032258064,-5564.096774193548,-4792.677419354839,-6100.064516129032,-7196.709677419355,-6138.419354838709,19,2,3628,596,3026,0,0,0,0,0,0,0,0,0,0,0,0,0,0,0,0,0,0,0,0,0,0,0
Paris,28,9625,32,17557,-1258.8064516129032,-1243.451612903226,-1794.0,-1586.9032258064517,-1610.1290322580644,-1685.0,-3229.0,-3234.8064516129034,-4602.258064516129,-3826.258064516129,-5377.870967741936,-5383.419354838709,-5433.999999999998,-5866.064516129032,-5783.774193548386,-6595.645161290319,-6356.322580645161,-4805.870967741942,-6258.322580645161,-6518.032258064507,-7141.967741935488,-6115.354838709678,-6935.4193548387,-7346.354838709677,-8658.709677419356,-7498.6451612903265,-7452.193548387092,-8438.58064516129,-9785.387096774191,-8724.774193548386,23,3,3464,206,950,2308,0,0,0,0,0,0,0,0,0,0,0,0,0,0,0,0,0,0,0,0,0,0
Paul_Walker,115,187344,106,37373,-1720.354838709677,-3048.903225806452,-3032.064516129033,-5195.419354838708,-7104.129032258064,-3256.8387096774195,-3248.1612903225805,-5175.451612903225,-3360.225806451606,-1471.4193548387047,-3307.870967741936,-710.4193548387098,1426.516129032258,3930.83870967742,884.9032258064517,844.3870967741937,-739.8387096774193,-889.1290322580646,-1085.3225806451617,-1047.516129032258,-1787.4516129032047,-3950.8064516128734,-4751.645161290314,2124.8387096774186,12413.290322580646,11252.612903225803,15711.419354838568,45755.67741935484,88646.45161290323,123896.32258064518,85,2,3330,1730,1594,0,0,0,0,0,0,0,0,0,0,0,0,0,0,0,0,0,0,0,0,0,0,0
Paul_Walker,84,159800,69,28728,-2031.0,-3158.0,-4067.0,-2287.0,-3583.0,-4118.0,-3391.0,-4688.0,-3940.0,-6358.0,-5800.0,-5831.0,-7450.0,-5576.0,-6909.0,-7402.0,-6647.0,-9081.0,1867.0,8294.0,21969.0,37923.0,46390.0,59292.0,69652.0,83939.0,94782.0,112462.0,126711.0,131172.0,37,6,9455,206,2268,800,2468,2401,1312,0,0,0,0,0,0,0,0,0,0,0,0,0,0,0,0,0,0,0
Paul_Walker,32,9850,35,6445,-17.87096774193548,-560.9354838709678,2343.3870967741937,4662.5161290322585,4537.1612903225805,4690.129032258065,4313.903225806452,4275.258064516129,4565.258064516129,4595.580645161291,4527.258064516131,4126.419354838709,4190.354838709677,3715.451612903226,4125.645161290321,4061.4838709677433,3795.967741935483,3856.419354838709,3934.258064516127,3649.612903225808,4074.709677419355,3599.709677419354,4020.967741935484,3562.774193548387,3820.225806451613,3385.806451612903,3494.77419354839,3261.9032258064503,3096.7741935483887,3331.516129032254,30,4,3999,1566,413,446,1574,0,0,0,0,0,0,0,0,0,0,0,0,0,0,0,0,0,0,0,0,0
Paul_Walker,22,4829,22,4400,-364.0967741935484,-104.93548387096769,-175.03225806451604,-436.3870967741936,-72.93548387096776,-285.58064516129014,-443.6774193548387,-41.0967741935484,-346.645161290323,-322.7741935483864,11.74193548387096,-374.1612903225807,-167.45161290322525,35.58064516129032,-339.45161290322574,-11.580645161289794,45.8387096774194,-271.7419354838709,137.74193548387132,-16.87096774193671,-230.03225806451607,164.48387096774192,-98.09677419354952,-177.0967741935493,261.3225806451613,-95.8387096774204,38.80645161290551,330.1612903225806,-55.80645161290316,246.45161290322807,22,4,4389,1818,422,397,1752,0,0,0,0,0,0,0,0,0,0,0,0,0,0,0,0,0,0,0,0,0
PlayStation_4,126,417039,121,34965,-1479.483870967742,-3109.967741935484,-3209.451612903226,-5080.935483870968,-5093.677419354839,5051.096774193548,2502.612903225807,40536.51612903226,86838.58064516129,127787.6129032258,155898.0,152838.1935483871,152736.70967741936,152527.8064516129,152405.74193548388,152453.03225806452,150560.7741935484,149763.29032258064,149458.2258064516,159619.32258064515,163340.93548387097,164951.4193548387,162069.7419354839,161267.38709677418,161446.32258064512,164796.38709677433,215252.90322580657,279847.03225806553,335157.8709677424,370414.9354838714,82,4,4996,1341,1062,856,1725,0,0,0,0,0,0,0,0,0,0,0,0,0,0,0,0,0,0,0,0,0
PlayStation_4,156,449622,150,34998,-2262.0,-4449.0,-3984.0,-4952.0,-770.0,3701.0,3420.0,3646.0,1781.0,132.0,680.0,1357.0,96630.0,118557.0,130477.0,143437.0,166037.0,188077.0,204140.0,215924.0,243318.0,273506.0,307797.0,339198.0,354921.0,366367.0,375874.0,387040.0,397524.0,407594.0,50,7,10744,217,769,1522,6059,833,480,858,0,0,0,0,0,0,0,0,0,0,0,0,0,0,0,0,0,0
PlayStation_4,25,5524,25,5821,-4.06451612903226,-446.1290322580645,-119.03225806451638,-287.290322580645,-496.6774193548387,-273.5483870967741,-732.4516129032259,-409.6129032258068,-634.9354838709676,-776.6451612903227,-417.8387096774194,-875.7741935483872,-429.3225806451625,-703.8387096774184,-779.6774193548397,-411.1290322580645,-868.0967741935484,-371.64516129032256,-690.9999999999998,-706.3870967741937,-368.4193548387096,-824.4193548387096,-323.9354838709677,-673.4193548387069,-628.1612903225816,-321.7096774193548,-775.741935483871,-287.2258064516128,-667.0967741935481,-565.064516129034,25,6,5024,914,415,893,1874,466,456,0,0,0,0,0,0,0,0,0,0,0,0,0,0,0,0,0,0,0
PlayStation_4,27,5900,27,5233,-0.7096774193548399,-356.4193548387097,-56.516129032258064,-435.8709677419355,-155.87096774193571,-237.25806451612888,-369.03225806451616,-183.70967741935485,-545.3870967741935,-208.3870967741936,-594.8064516129033,-185.5161290322584,-409.1612903225805,-343.03225806451627,-135.1612903225806,-444.35483870967744,40.74193548387096,-339.7741935483871,168.0645161290323,-171.22580645161196,76.3548387096763,137.1290322580653,-65.4516129032267,375.8709677419355,1.2580645161289965,487.1935483870968,87.83870967741933,487.7096774193545,377.2580645161292,337.5483870967741,27,5,5360,277,923,415,2812,927,0,0,0,0,0,0,0,0,0,0,0,0,0,0,0,0,0,0,0,0
Pokemon_Go,115,252747,374,69666,-237.32258064516384,-5419.580645161291,-8703.967741935483,-11533.16129032258,83003.54838709685,208889.51612903224,200262.0,193681.0,191363.0,190408.0,189557.8064516129,189312.0,189092.0,188833.93548387097,188572.0,188312.0,188052.0,187828.7741935484,187567.48387096773,187326.1935483871,187104.90322580645,186843.61290322585,186592.0,186341.0322580645,186079.74193548388,185887.5483870968,185669.16129032252,183839.870967742,187575.5806451613,181877.29032258064,87,6,9860,698,2726,753,2439,1340,1898,0,0,0,0,0,0,0,0,0,0,0,0,0,0,0,0,0,0,0
Pokemon_Go,50,24869,59,28332,5.290322580645157,-307.8387096774191,-1522.0,-1655.0,-1291.1935483870968,-2608.032258064516,-3370.870967741936,-3075.451612903228,-5018.709677419349,-3985.580645161294,-5005.967741935478,-4873.064516129032,-5410.225806451613,-5441.741935483871,-6044.645161290323,-6189.1935483871,-6084.3548387096735,-7291.387096774204,-5965.064516129029,-8233.193548387097,-7486.612903225807,-8752.612903225807,-8804.870967741934,-8246.129032258064,-8148.741935483871,-8438.806451612903,-3711.161290322581,-3966.74193548388,-3601.8064516129025,-5052.838709677428,40,3,7939,595,2271,5067,0,0,0,0,0,0,0,0,0,0,0,0,0,0,0,0,0,0,0,0,0,0
Pokemon_Go,21,4490,21,4841,-10.7741935483871,-323.29032258064507,-403.8064516129032,-3.387096774193541,-369.58064516129,-399.00000000000006,-84.67741935483869,-479.9677419354835,-444.3870967741937,-106.96774193548384,-531.4838709677415,-452.7096774193549,-185.25806451612905,-639.1290322580633,-499.290322580646,-242.5483870967741,-710.1612903225807,-526.6774193548389,-290.8387096774193,-756.483870967742,-542.4193548387107,-327.1290322580645,-789.8064516129033,-550.1935483870969,-363.4193548387096,-825.1290322580645,-537.9032258064526,-363.7096774193548,-823.4516129032259,-499.1935483870988,21,6,4070,423,1139,385,803,408,906,0,0,0,0,0,0,0,0,0,0,0,0,0,0,0,0,0,0,0
Pokemon_Go,21,4411,21,4015,-10.7741935483871,-260.12903225806446,-324.2258064516129,-60.38709677419354,-363.0967741935481,-370.3870967741936,-31.677419354838683,-358.1935483870965,-309.967741935484,25.03225806451616,-325.4193548387093,-238.70967741935493,28.74193548387096,-345.7741935483861,-203.290322580646,53.45161290322584,-332.16129032258067,-147.51612903225822,90.16129032258073,-293.483870967742,-74.00000000000094,147.87096774193552,-233.8064516129033,15.096774193548184,210.5806451612904,-169.1290322580645,119.83870967741832,295.29032258064524,-82.45161290322584,245.6774193548368,21,3,3991,277,2793,915,0,0,0,0,0,0,0,0,0,0,0,0,0,0,0,0,0,0,0,0,0,0
Powerball,65,23237,55,33619,-82.58064516129032,-100.0,-1596.0,-2619.322580645161,-3900.903225806452,-5002.870967741936,-4224.064516129032,-5821.387096774192,-7256.806451612903,-9139.451612903224,-2864.3870967741937,-2261.967741935484,-3661.3870967741937,-5082.032258064516,-3237.709677419355,-6332.322580645161,-5075.3225806451655,-6047.612903225807,-7001.225806451612,-6657.225806451609,-8787.548387096775,-6982.193548387093,-10000.83870967742,-8853.935483870968,-9655.129032258064,-11085.774193548388,-9157.67741935484,-11697.935483870962,-11173.83870967742,-10462.41935483871,56,5,8346,678,783,3402,1756,1684,0,0,0,0,0,0,0,0,0,0,0,0,0,0,0,0,0,0,0,0
Powerball,40,17837,44,24362,-10.7741935483871,-1294.0,-2231.0,-1860.0967741935483,-2801.4193548387093,-3756.161290322581,-2254.4193548387098,-4311.83870967742,-3559.967741935484,-3314.290322580649,-5198.129032258064,-4081.67741935484,-4519.903225806455,-5724.709677419355,-4199.935483870964,-5174.096774193548,-5984.129032258064,-4445.935483870968,-5753.677419354839,-6027.161290322574,-4962.258064516129,-6768.322580645163,-6297.806451612903,-5617.548387096769,-7831.483870967742,-6787.129032258064,-6789.387096774207,-8351.41935483871,-7008.580645161286,-6505.0,31,3,7181,596,3141,3438,0,0,0,0,0,0,0,0,0,0,0,0,0,0,0,0,0,0,0,0,0,0
Powerball,37,15313,43,6481,-33.967741935483865,-97.0,-131.77419354838668,-285.0000000000002,-645.9354838709678,-288.67741935483787,-730.8387096774194,-727.0967741935484,-342.8709677419354,-368.483870967742,1474.774193548376,4176.354838709677,4428.870967741936,4177.741935483871,3900.1935483870966,3854.225806451613,4175.516129032258,4376.032258064516,3892.741935483873,4014.032258064516,3476.870967741935,3982.741935483869,3563.0967741935483,3509.709677419354,4027.419354838711,4015.935483870968,3476.548387096774,8698.645161290322,8736.709677419354,8347.387096774193,35,2,4155,735,3414,0,0,0,0,0,0,0,0,0,0,0,0,0,0,0,0,0,0,0,0,0,0,0
Powerball,19,4129,19,3611,-369.1290322580645,-217.5806451612903,-71.5483870967742,-417.61290322580646,-376.3870967741936,-35.0967741935484,-266.9032258064514,-404.0322580645161,-2.645161290322598,-119.5483870967741,-387.4193548387096,-85.16129032258016,14.29032258064516,-361.8064516129032,-187.87096774193563,40.74193548387096,-285.7096774193552,-288.8064516129024,172.1935483870968,-38.64516129032239,-203.7096774193548,295.5806451612908,218.06451612903163,-79.09677419354833,249.54838709677392,404.5806451612903,21.516129032258,202.0967741935474,521.0322580645161,496.5161290322581,19,3,3749,663,1155,1931,0,0,0,0,0,0,0,0,0,0,0,0,0,0,0,0,0,0,0,0,0,0
Prince,48,12554,44,26157,-1800.3870967741932,-2826.2580645161293,-3394.48387096774,-3823.0,-4105.129032258064,-5721.774193548388,-5489.903225806452,-6525.838709677417,-5977.645161290323,-7590.290322580645,-9099.41935483871,-9048.193548387097,-11081.67741935484,-11143.225806451614,-11180.0,-11180.0,-9984.709677419356,-9930.161290322583,-10259.451612903224,-11703.58064516129,-10613.83870967742,-11534.000000000002,-13033.967741935485,-11931.387096774191,-12207.806451612896,-14053.677419354824,-13129.935483870968,-12901.580645161275,-14794.96774193548,-14595.612903225814,42,3,4964,862,1679,2423,0,0,0,0,0,0,0,0,0,0,0,0,0,0,0,0,0,0,0,0,0,0
Prince,43,21011,46,22615,-15.677419354838708,-1291.0,-2228.0,-1864.8387096774195,-2688.967741935484,-3735.064516129032,-2956.774193548385,-4619.419354838709,-3266.677419354837,-4160.774193548387,-4930.516129032259,-4239.129032258064,-4422.03225806452,-4788.935483870968,-4821.645161290323,-3796.3548387096776,409.54838709678825,770.8064516129034,130.80645161290397,649.8064516129032,-1362.451612903229,-680.6129032258063,-605.5483870967736,-2325.258064516129,-943.9354838709652,-1758.6129032258063,-2565.3870967741864,-1005.8709677419354,-2455.54838709677,-2343.290322580645,34,2,6148,596,5540,0,0,0,0,0,0,0,0,0,0,0,0,0,0,0,0,0,0,0,0,0,0,0
Prince,13,2590,13,2905,-18.09677419354836,-2.387096774193548,-234.0,-449.7741935483871,-338.74193548387103,53.35483870967742,36.58064516129032,-291.03225806451627,-409.741935483871,-250.90322580645176,-22.51612903225808,-67.61290322580643,-452.5806451612908,-477.7096774193548,-333.9677419354836,-243.3870967741936,-373.7096774193548,-712.483870967742,-690.6774193548387,-339.8387096774197,-250.25806451612905,-466.1935483870974,-711.4516129032257,-636.2258064516129,-267.1935483870964,-269.12903225806457,-571.064516129032,-722.4193548387096,-575.4516129032252,-298.2258064516129,13,3,2330,479,366,1485,0,0,0,0,0,0,0,0,0,0,0,0,0,0,0,0,0,0,0,0,0,0
Prince,13,2424,12,2385,-20.47580645161291,-4.06451612903226,-151.25806451612888,-363.1290322580645,-333.61290322580646,-98.93548387096796,-64.9032258064516,-241.80645161290303,-441.2903225806452,-396.9032258064517,-83.19354838709671,-46.54838709677416,-235.4193548387092,-422.45161290322585,-381.1612903225809,-190.8387096774196,-182.1935483870968,-383.0967741935482,-557.6129032258065,-481.8064516129033,-118.09677419354917,-103.83870967741936,-316.8387096774188,-478.7741935483872,-389.7419354838714,-28.451612903226987,-308.1935483870965,-378.9032258064517,-202.709677419355,55.12903225806456,13,2,2164,277,1881,0,0,0,0,0,0,0,0,0,0,0,0,0,0,0,0,0,0,0,0,0,0,0
Queen_Elizabeth,36,7668,37,8051,-261.1935483870967,-272.03225806451627,-76.29032258064515,-543.0967741935484,-140.48387096774195,-525.7096774193549,-409.0645161290325,-275.4516129032254,-684.9677419354838,-262.9677419354839,-711.516129032258,-408.74193548387086,-420.5483870967741,-697.0000000000005,-191.4516129032259,-653.3870967741935,-168.06451612903183,-399.29032258064353,-458.225806451613,-46.93548387096783,-522.258064516129,-14.129032258064626,-470.225806451613,-519.5806451612904,-31.58064516128843,-19.1290322580645,-341.838709677422,-382.4838709677416,-598.7419354838737,-890.2258064516127,36,7,6944,504,1874,912,487,987,494,1686,0,0,0,0,0,0,0,0,0,0,0,0,0,0,0,0,0,0
Queen_Elizabeth,161,57663,151,105869,-3388.8064516129034,-5622.612903225807,1143.5806451612902,-3381.7419354838794,-8827.032258064515,-6735.354838709677,-5786.580645161291,-12103.451612903224,-16721.935483870966,-16192.258064516129,-9973.032258064515,-15433.67741935484,-12496.935483870968,-18494.870967741903,-20073.03225806456,-20842.645161290315,-26875.70967741936,-26854.967741935485,-28394.290322580644,-34302.258064516085,-38341.93548387097,-36408.74193548387,-39194.45161290323,-40889.51612903226,-48025.70967741936,-47620.87096774193,-40294.096774193546,-46283.87096774197,-44713.93548387097,-51186.1935483871,134,15,16834,1208,767,1616,825,1031,2305,814,1555,894,906,914,888,1289,888,922,0,0,0,0,0,0,0,0,0,0
Queen_Elizabeth,67,42422,100,59629,-943.4838709677422,-2016.8709677419365,-1667.2903225806451,-3629.741935483869,-3047.9354838709683,-3126.225806451608,-3768.16129032258,-4190.774193548387,-6806.0,-6176.967741935484,-8072.516129032258,-7243.258064516135,-7987.290322580652,-7869.0,-10558.612903225809,-9728.387096774191,-11717.16129032258,-10873.741935483871,-11072.83870967742,-11776.548387096773,-12235.0,-13820.516129032265,-12545.0,-15224.580645161292,-14577.41935483871,-15893.419354838725,-14874.0,-15536.580645161286,-16048.806451612903,-16580.90322580645,53,7,13188,754,4533,791,3629,863,1724,888,0,0,0,0,0,0,0,0,0,0,0,0,0,0,0,0,0,0
Queen_Elizabeth,93,40423,126,102689,-4378.935483870968,-4471.870967741936,-6835.161290322587,-9135.483870967742,-9910.129032258064,-10970.612903225809,-15935.387096774191,-15425.483870967742,-17888.999999999993,-18324.35483870968,-22661.0,-22571.0,-26609.0,-30819.483870967702,-31436.35483870972,-34612.0,-35562.58064516132,-38241.0,-42395.1935483871,-40948.70967741936,-45890.16129032258,-44845.90322580651,-47498.51612903226,-48089.0,-51757.70967741939,-52072.06451612902,-56587.06451612903,-57054.09677419364,-59577.0,-63661.51612903226,79,7,12913,218,768,3009,3253,2173,1736,1756,0,0,0,0,0,0,0,0,0,0,0,0,0,0,0,0,0,0
Robin_Williams,150,197903,139,64533,-3789.0,-4898.032258064516,-8451.548387096775,-5195.80645161292,-4575.580645161291,-8297.09677419355,-6929.451612903225,-3110.967741935483,-4640.645161290323,255.4193548387087,-69.77419354836843,-484.2903225806306,1048.0,-2105.2258064516136,-3812.741935483871,-4360.935483870979,-4218.774193548387,-5431.1612903225805,-6887.225806451613,41544.70967741936,95406.64516128995,129721.67741935488,125987.12903225806,126843.87096774195,125745.87096774195,124388.58064516127,121235.25806451614,121100.19354838708,126216.03225806452,133490.06451612903,116,5,10923,679,1921,817,3624,3876,0,0,0,0,0,0,0,0,0,0,0,0,0,0,0,0,0,0,0,0
Robin_Williams,103,223744,118,41857,-1951.0,-1929.354838709677,-3343.032258064516,-5395.1935483870975,-6176.258064516122,-6250.064516129032,-6856.741935483871,-7571.741935483873,-8569.32258064517,-9438.774193548386,-9998.451612903224,-10743.096774193558,-11870.774193548395,-12722.870967741936,1295.8387096774195,35023.16129032258,52142.70967741933,69673.80645161291,86645.12903225806,93873.45161290324,122940.7741935484,125478.7741935484,124897.35483870968,124834.06451612906,123990.51612903226,122359.1935483871,128409.58064516127,127863.48387096771,155619.09677419355,181969.67741935485,58,7,13211,596,212,3859,807,3382,701,3648,0,0,0,0,0,0,0,0,0,0,0,0,0,0,0,0,0,0
Robin_Williams,27,6336,27,6311,-0.7096774193548399,-439.4193548387097,-111.51612903225806,-571.1935483870968,-241.3548387096777,-338.74193548387075,-486.8064516129033,-179.70967741935485,-624.3870967741935,-181.3870967741936,-649.8064516129033,-227.87096774193583,-503.7096774193546,-466.2580645161292,-267.87096774193543,-649.3548387096774,-211.25806451612905,-674.7741935483871,-153.9354838709677,-562.8387096774181,-318.77419354838827,-277.64516129032165,-536.774193548388,-100.12903225806448,-557.741935483871,-78.8064516129032,-561.1612903225807,-132.64516129032296,-277.58064516129014,-343.7741935483872,27,5,5796,1988,440,433,1912,1017,0,0,0,0,0,0,0,0,0,0,0,0,0,0,0,0,0,0,0,0
Robin_Williams,28,6638,45,7446,-38.35483870967744,-399.6774193548387,-439.51612903225777,-27.41935483870968,-43.16129032258021,-356.03225806451616,37.03225806451616,-390.4193548387098,-543.1935483870968,-569.0,-673.0,-1255.258064516127,-1514.6129032258063,-1574.0,-1594.0,-1614.0,-1692.8709677419356,-1737.0,-1904.0967741935497,-1671.0967741935483,-1888.032258064517,-1965.4516129032256,-1618.838709677422,-1375.516129032258,-1651.2580645161318,-1644.8064516129034,-1232.8064516129018,-1071.9354838709678,-1417.3870967741946,-1337.1612903225807,28,4,6078,1552,433,2316,1023,0,0,0,0,0,0,0,0,0,0,0,0,0,0,0,0,0,0,0,0,0
Ronda_Rousey,24,5170,24,5793,-446.741935483871,-11.93548387096774,-325.48387096774167,-400.2580645161291,-157.83870967741936,-614.4516129032259,-280.64516129032285,-418.0645161290321,-675.6774193548387,-264.6774193548387,-735.1612903225807,-453.9354838709688,-348.4838709677419,-732.3870967741935,-287.51612903225805,-661.4516129032255,-589.3548387096783,-290.4193548387097,-746.0967741935484,-391.322580645161,-639.9999999999998,-815.5806451612909,-488.25806451612897,-957.8064516129034,-569.8064516129026,-560.5161290322579,-886.0322580645162,-502.0967741935483,-937.7096774193528,-797.1290322580641,24,6,4690,411,667,832,427,453,1900,0,0,0,0,0,0,0,0,0,0,0,0,0,0,0,0,0,0,0
Ronda_Rousey,42,26140,197,48261,-140.0,-215.48387096774192,-1851.064516129032,1887.5806451612905,11962.16129032258,15002.838709677422,15475.90322580645,17042.032258064515,17893.16129032258,18753.0,16437.0,15283.0,13843.0,11605.0,10350.0,6962.064516129032,3565.0,145.0,-3281.0,-4598.0,-8094.870967741934,-11729.258064516122,-15935.0,-19022.225806451595,-20658.0,-20859.290322580644,-21162.516129032258,-21286.3870967742,-21736.0,-21887.0,11,1,3792,3792,0,0,0,0,0,0,0,0,0,0,0,0,0,0,0,0,0,0,0,0,0,0,0,0
Ronda_Rousey,50,20878,53,30825,-14.0,-2132.935483870968,-2228.225806451613,-3180.3870967741937,-3575.483870967742,-4096.83870967742,-2890.709677419355,-5267.774193548387,-3627.000000000001,-4969.741935483873,-4796.258064516129,-5322.1612903225805,-5916.129032258063,-4553.41935483871,-6962.451612903225,-5328.548387096773,-7566.645161290323,-6458.967741935484,-7004.451612903227,-7716.8064516129,-6555.129032258064,-8985.129032258064,-7572.064516129034,-8773.612903225805,-8753.677419354839,-9447.967741935488,-10320.87096774193,-9097.83870967742,-11541.806451612903,-10156.51612903226,39,5,8336,206,3946,793,1808,1571,0,0,0,0,0,0,0,0,0,0,0,0,0,0,0,0,0,0,0,0
Ronda_Rousey,57,21790,57,34615,-79.0,-1335.6129032258066,-1386.483870967742,-1648.5806451612902,-2507.8064516129034,-3600.48387096774,-2360.709677419356,-4887.290322580645,-3021.8064516129034,-4998.516129032255,-4575.838709677421,-5616.935483870968,-5899.387096774193,-6689.258064516129,-7490.74193548387,-6231.322580645161,-6301.0,-7214.935483870964,-9194.064516129032,-7585.903225806452,-10057.93548387096,-8840.193548387097,-10397.709677419354,-10700.483870967742,-11701.032258064515,-12138.064516129029,-11471.387096774191,-11543.0,-13027.03225806452,-14446.83870967742,45,4,7543,4651,1720,583,583,0,0,0,0,0,0,0,0,0,0,0,0,0,0,0,0,0,0,0,0,0
Royal_Baby,85,33613,67,36834,-1438.6774193548388,-2887.870967741936,-3098.032258064516,-3135.8387096774195,-5154.548387096775,-6075.064516129032,-6109.967741935484,-5786.709677419354,-7253.096774193548,-7187.096774193548,-10976.451612903224,-10600.516129032258,-233.54838709677352,4771.064516129032,3219.8387096774195,2036.1612903225807,3309.935483870968,1689.8064516129034,877.3870967741987,2845.806451612903,-270.22580645161304,1603.3870967741937,-1527.5806451612902,398.96774193548384,-2741.935483870968,-806.4516129032256,-3954.290322580645,-1997.870967741936,-5158.645161290323,-3188.290322580645,74,2,7852,3601,4245,0,0,0,0,0,0,0,0,0,0,0,0,0,0,0,0,0,0,0,0,0,0,0
Royal_Baby,42,18575,51,26898,-71.0,-75.9032258064516,-93.83870967741936,-1058.225806451613,-1118.5161290322587,-1427.8387096774193,-2801.0,-3180.6774193548404,-3020.2580645161293,-5340.419354838713,-4240.903225806451,-4992.419354838709,-5251.25806451613,-4396.516129032265,-6739.774193548387,-5179.225806451611,-6249.677419354839,-6281.5161290322585,-6236.774193548396,-7973.032258064516,-6093.935483870968,-7876.967741935487,-7488.548387096775,-7979.354838709679,-8830.870967741928,-7217.967741935484,-9509.45161290323,-8503.161290322572,-9121.09677419355,-9458.806451612894,33,4,8293,217,1609,3081,3386,0,0,0,0,0,0,0,0,0,0,0,0,0,0,0,0,0,0,0,0,0
Royal_Baby,29,9899,31,5898,-15.677419354838708,-501.7096774193549,3667.096774193549,4549.677419354839,4704.645161290323,4483.290322580645,4506.935483870968,4408.903225806452,4176.612903225806,4136.225806451613,4307.032258064515,4590.967741935484,4582.774193548387,4012.516129032258,4213.354838709677,4125.290322580645,3686.483870967742,4071.451612903228,3763.0967741935488,3981.645161290323,3785.580645161289,3890.7096774193537,3807.032258064516,3805.4516129032254,3844.387096774192,3699.548387096776,3798.0,3575.774193548388,3898.870967741934,3551.3870967741927,28,3,4108,2375,759,974,0,0,0,0,0,0,0,0,0,0,0,0,0,0,0,0,0,0,0,0,0,0
Royal_Baby,28,9954,32,5372,-468.0,-468.0,-473.8064516129032,-554.0,-581.4193548387096,-899.806451612903,-109.96774193548606,1471.3225806451603,3070.032258064516,4095.516129032259,3959.677419354839,4169.5161290322585,3963.83870967742,4048.580645161292,3976.064516129032,3924.2580645161297,4041.935483870966,3885.548387096774,4170.4516129032245,3864.451612903225,4283.354838709677,3887.354838709677,4306.4838709677415,3918.3870967741937,4370.612903225807,3990.4193548387098,4342.741935483871,3970.451612903226,4461.870967741936,4097.4838709677415,25,3,5050,2107,1631,1312,0,0,0,0,0,0,0,0,0,0,0,0,0,0,0,0,0,0,0,0,0,0
Samsung_Galaxy_4,126,191373,109,48163,-1482.548387096774,-3038.0967741935483,-3167.1612903225805,-3420.1935483870966,-3382.967741935484,-3888.967741935483,-7120.83870967742,-7346.806451612902,3128.483870967741,6769.516129032258,5838.870967741936,5294.419354838709,5886.677419354845,3446.322580645161,2765.9999999999845,2498.225806451613,2967.709677419355,718.258064516136,-1383.354838709678,-3163.7419354838767,-1375.0645161290322,-3382.2580645161293,-5621.612903225806,28572.35483870968,67295.16129032268,116608.3548387098,140544.1935483871,137505.64516129033,143210.09677419355,143289.1935483871,98,4,10768,4125,1674,3604,1353,0,0,0,0,0,0,0,0,0,0,0,0,0,0,0,0,0,0,0,0,0
Samsung_Galaxy_4,84,42864,125,47434,17.87096774193546,-625.1935483870967,2219.645161290322,2472.0,791.2903225806461,380.74193548387154,-267.9677419354862,-1429.161290322586,-3369.483870967742,-2991.0,-2360.2580645161293,-2448.0,-2508.0,-2568.0,-2628.0,-2628.0,-3203.5806451612902,-3766.967741935484,-4303.354838709677,-5357.193548387119,-6453.516129032265,-7258.129032258064,-7788.225806451613,-8387.870967741934,-9381.000000000016,-10401.806451612909,-10979.612903225809,-10335.935483870966,-4879.677419354801,-5581.806451612917,65,5,12946,846,1528,4020,6047,472,0,0,0,0,0,0,0,0,0,0,0,0,0,0,0,0,0,0,0,0
Samsung_Galaxy_4,43,14146,46,8993,-31.41935483870968,-559.8387096774194,908.741935483871,877.3225806451612,2209.322580645164,5418.870967741936,5620.58064516129,5621.032258064516,5175.806451612903,5260.838709677419,5608.387096774193,5140.967741935484,5127.387096774194,5127.129032258064,4592.4838709677415,4672.58064516129,4251.967741935484,5054.774193548388,4739.258064516129,5010.999999999999,5217.193548387097,4839.935483870969,4753.83870967742,5248.935483870968,5165.77419354839,4798.774193548387,5013.41935483871,5287.258064516129,4955.645161290326,4825.354838709677,41,8,6631,642,1994,461,442,1389,923,469,311,0,0,0,0,0,0,0,0,0,0,0,0,0,0,0,0,0
Samsung_Galaxy_4,32,7460,32,6440,-332.80645161290323,-166.51612903225802,-395.41935483870975,-210.29032258064507,-329.48387096774206,-213.3225806451612,-220.29032258064527,-194.6129032258063,-80.83870967742041,-150.16129032258044,71.00000000000051,-108.96774193548362,229.3870967741924,-59.032258064515815,370.3225806451617,-17.16129032258067,462.0645161290323,64.19354838709666,552.483870967742,159.54838709677415,658.9032258064517,270.9032258064517,742.3225806451612,359.258064516129,826.741935483871,448.6129032258064,964.1612903225806,590.9677419354838,1081.5806451612905,713.3225806451613,32,7,6820,237,764,3131,926,962,489,311,0,0,0,0,0,0,0,0,0,0,0,0,0,0,0,0,0,0
Slither.io,19,2960,20,3681,-13.290322580645162,-230.3870967741936,-431.8709677419355,-59.64516129032258,-212.2580645161289,-523.741935483871,-248.29032258064512,-234.6774193548387,-656.6129032258065,-402.0967741935486,-247.77419354838707,-709.483870967742,-530.58064516129,-260.258064516129,-670.3870967741937,-710.5806451612904,-762.741935483871,-758.2258064516129,-725.516129032258,-247.22580645161287,-280.7741935483871,-286.3870967741936,-296.7096774193548,-848.9677419354838,-747.6129032258062,-664.1935483870968,-738.7096774193549,-1198.1290322580644,-1165.4193548387098,-817.3870967741934,19,1,2576,2570,0,0,0,0,0,0,0,0,0,0,0,0,0,0,0,0,0,0,0,0,0,0,0,0
Slither.io,89,110912,466,65945,-13851.870967741936,-16751.8064516129,-26995.612903225807,-18272.93548387097,43225.19354838711,57475.096774193546,56642.6129032258,56331.0,55499.0,55219.0,54968.67741935484,54664.1935483871,54368.0,54051.22580645161,53735.74193548387,53460.25806451613,53148.0,52829.29032258064,52513.8064516129,52198.32258064516,51888.0,51567.35483870968,51248.0,50928.0,50608.0,50288.0,49969.93548387097,49654.45161290323,49338.967741935485,45221.0,54,4,8102,218,825,1392,5661,0,0,0,0,0,0,0,0,0,0,0,0,0,0,0,0,0,0,0,0,0
Slither.io,63,99436,75,27312,-449.1612903225806,-2499.83870967742,-1304.483870967742,-3905.161290322581,-3199.241935483871,-2497.2903225806454,-2206.1290322580644,-2909.0,-2915.451612903226,-3614.967741935482,-5809.0,-4758.161290322582,-6723.774193548387,-4871.0,-7512.354838709677,-7104.645161290323,-6934.193548387106,-9085.225806451614,-8515.516129032261,-8665.161290322585,-10631.09677419355,4339.451612903226,12377.129032258072,17381.129032258064,26477.161290322525,34006.8064516129,42352.67741935484,46262.09677419352,51913.32258064516,65853.32258064525,31,6,8834,1539,694,3162,814,828,1797,0,0,0,0,0,0,0,0,0,0,0,0,0,0,0,0,0,0,0
Slither.io,62,100679,66,27815,-307.5483870967739,-2265.2580645161293,-2564.32258064516,-3664.290322580644,-4245.645161290323,-4261.096774193548,-4818.903225806452,-4853.129032258064,-5477.258064516128,-5299.193548387097,-6593.83870967742,-6140.193548387097,-5367.129032258069,-6489.903225806456,-6045.645161290318,-7131.903225806453,-6452.838709677427,-8759.322580645161,-6882.806451612903,-9304.58064516129,-7447.8387096774195,-9851.83870967742,-8239.096774193542,-10038.096774193558,15880.838709677397,25675.451612903165,32884.258064516114,42630.67741935479,49808.03225806452,58589.51612903226,40,4,8616,595,790,4778,2453,0,0,0,0,0,0,0,0,0,0,0,0,0,0,0,0,0,0,0,0,0
Sochi_Olympics,86,27761,65,38914,-1437.516129032258,-2762.870967741936,-3077.548387096774,-2493.483870967741,-4148.580645161291,-4086.3870967741937,-7873.612903225807,-6851.5161290322585,-8527.645161290322,-3414.0645161290327,2738.032258064526,1914.548387096768,-225.2903225806456,175.74193548386654,-694.741935483871,-1637.7741935483857,-2445.774193548387,-3592.096774193541,-2565.0,-4190.322580645161,-4596.612903225805,-5847.354838709677,-6456.741935483864,-7547.387096774193,-8361.225806451615,-9305.41935483871,-10324.483870967751,-11065.451612903224,-12289.54838709678,-11217.935483870968,74,5,5075,3078,301,396,652,599,0,0,0,0,0,0,0,0,0,0,0,0,0,0,0,0,0,0,0,0
Sochi_Olympics,71,33422,74,35846,-553.3870967741935,4606.193548387097,3651.83870967742,3193.451612903226,4221.258064516129,3832.4193548387098,3235.903225806452,1020.9032258064516,2681.387096774188,1260.7419354838778,1447.741935483871,937.8387096774192,845.967741935484,2873.2580645161315,6313.677419354841,5184.806451612903,5570.612903225806,3540.032258064517,5019.58064516129,3202.2258064516263,2620.870967741936,2866.8387096774204,895.9032258064381,1881.8387096774195,-547.6774193548387,29.12903225804996,-507.80645161290334,-1547.8387096774193,-1421.0322580645131,-3775.612903225806,55,4,7928,4521,836,983,1588,0,0,0,0,0,0,0,0,0,0,0,0,0,0,0,0,0,0,0,0,0
Sochi_Olympics,32,4778,37,7190,-212.967741935484,-307.032258064516,-179.0,-633.8064516129032,-672.0322580645161,-282.8387096774194,-281.16129032258056,-288.9032258064517,-302.258064516129,-842.516129032258,-695.7419354838711,-1200.4193548387098,-836.6129032258052,-1221.3225806451612,-736.0967741935485,-1194.225806451613,-725.7096774193549,-1107.7741935483868,-1174.4838709677451,-1161.7096774193533,-1593.4838709677415,-1335.741935483871,-1796.3870967741934,-1564.3548387096776,-1937.6129032258043,-2017.6451612903247,-1997.516129032257,-2443.6451612903224,-2183.3870967741937,-2646.548387096774,32,7,4134,339,1444,464,483,228,711,465,0,0,0,0,0,0,0,0,0,0,0,0,0,0,0,0,0,0
Sochi_Olympics,28,4883,28,5621,-354.03225806451616,-110.25806451612902,-483.0967741935484,-115.51612903225806,-507.1612903225807,-135.61290322580675,-332.87096774193526,-246.8064516129034,-128.80645161290315,-354.90322580645244,49.58064516129032,-315.3870967741936,170.32258064516128,-213.45161290322585,85.06451612903224,-278.0322580645158,-91.00000000000068,-227.6774193548385,-303.77419354838764,-198.5483870967728,-508.67741935483866,-262.8387096774194,-638.741935483871,-352.0967741935483,-746.8064516129034,-472.4193548387094,-783.6129032258061,-692.870967741936,-753.1935483870952,-917.1935483870964,28,3,4323,237,2845,1241,0,0,0,0,0,0,0,0,0,0,0,0,0,0,0,0,0,0,0,0,0,0
Squid_Game,22,5071,26,5460,-61.935483870967744,-164.32258064516125,-561.2258064516129,-179.8709677419355,-536.5483870967744,-523.6129032258068,-282.7741935483871,-735.9354838709678,-345.8064516129032,-563.0645161290324,-761.3870967741939,-364.6129032258064,-831.6451612903226,-516.354838709678,-406.03225806451616,-793.9032258064512,-735.8709677419363,-467.4193548387097,-920.0967741935484,-496.61290322580606,-741.9677419354837,-909.9354838709686,-486.25806451612897,-953.8064516129034,-566.5161290322575,-556.9999999999999,-881.0322580645162,-402.0967741935483,-835.9032258064497,-635.5161290322574,22,5,4631,1505,418,408,860,1440,0,0,0,0,0,0,0,0,0,0,0,0,0,0,0,0,0,0,0,0
Squid_Game,85,26986,77,69060,-2585.516129032258,-5813.419354838708,-7291.548387096775,-13699.516129032258,-12481.58064516129,-17770.580645161288,-18993.90322580645,-17856.129032258064,-12591.645161290322,-11471.41935483871,-12005.806451612903,-17083.548387096773,-15951.709677419354,-20962.0,-21549.93548387097,-19709.25806451613,-26160.1935483871,-25957.161290322583,-26976.096774193546,-30598.58064516129,-28862.258064516136,-35110.67741935484,-33969.87096774193,-37210.032258064486,-39555.22580645161,-37721.83870967742,-37626.48387096774,-38520.87096774191,-44075.74193548387,-43129.29032258064,71,11,9509,1160,802,728,996,779,779,821,848,834,844,912,0,0,0,0,0,0,0,0,0,0,0,0,0,0
Squid_Game,47,32163,82,39946,-1241.3225806451612,-1970.4838709677413,-1242.8709677419354,-1339.0,-3927.6129032258063,-3277.0,-3970.258064516129,-3832.4516129032254,-3812.6129032258063,-5078.709677419363,-5819.193548387097,-7458.645161290322,-7074.0,-7588.419354838714,-6822.354838709677,-7475.645161290323,-9921.45161290323,-9344.51612903226,-10344.161290322572,-10644.0,-10733.09677419355,-9959.387096774191,-10679.354838709678,-11722.48387096774,-9889.516129032258,-6923.838709677371,-5405.709677419354,-6013.25806451613,-7265.41935483871,-8534.903225806454,37,5,8177,1516,1500,1559,1684,1912,0,0,0,0,0,0,0,0,0,0,0,0,0,0,0,0,0,0,0,0
Squid_Game,63,26168,96,70780,-4576.0,-4468.0,-4549.322580645161,-6934.419354838711,-8985.870967741936,-9639.0,-9499.0,-10942.0,-11063.967741935485,-15893.935483870968,-15220.483870967735,-19562.322580645163,-19036.06451612904,-23212.70967741936,-22670.612903225807,-22542.0,-26554.0,-26614.0,-31474.67741935484,-30952.0,-30252.0,-31514.806451612945,-33338.8064516129,-34625.80645161291,-38821.83870967742,-38287.12903225807,-42332.22580645161,-41786.67741935484,-45909.6129032258,-45342.22580645161,54,7,8600,211,832,727,1441,758,1233,3392,0,0,0,0,0,0,0,0,0,0,0,0,0,0,0,0,0,0
Stan_Lee,39,21797,48,35283,-1977.6129032258063,-2534.1935483870966,-3922.3225806451615,-3759.1935483870975,-5656.419354838708,-4044.967741935484,-4606.677419354839,-5926.93548387097,-7490.967741935484,-6189.870967741934,-6154.064516129032,-7716.290322580645,-9030.064516129032,-8338.193548387098,-7653.0,-9213.387096774191,-10463.741935483871,-9892.0,-9183.0,-10732.483870967742,-11109.48387096774,-11425.0,-10628.225806451614,-12165.58064516129,-11669.032258064508,-12685.258064516123,-12076.612903225809,-15007.67741935484,-12841.806451612903,-13753.645161290317,32,4,6389,2404,1477,818,1690,0,0,0,0,0,0,0,0,0,0,0,0,0,0,0,0,0,0,0,0,0
Stan_Lee,76,22941,62,56040,-22.258064516129043,-2450.838709677417,-3036.4516129032268,-4582.032258064517,-8056.290322580645,-9166.516129032252,-13631.806451612903,-13516.064516129032,-11942.774193548385,-18203.58064516129,-18087.83870967742,-16321.387096774191,-22687.258064516125,-22682.612903225807,-21015.7741935484,-26696.67741935484,-27828.32258064516,-27940.64516129032,-26420.290322580648,-20829.129032258064,-19865.64516129032,-22252.225806451577,-26132.93548387097,-26017.1935483871,-24954.48387096772,-30621.70967741936,-30303.70967741936,-30430.74193548382,-35121.48387096774,-35005.74193548387,65,5,7744,1998,734,2463,841,1708,0,0,0,0,0,0,0,0,0,0,0,0,0,0,0,0,0,0,0,0
Stan_Lee,32,21465,50,30651,-62.58064516129032,-113.29032258064515,-543.354838709677,-479.3225806451613,-2659.7741935483864,-977.483870967742,-2437.0,-1808.4516129032245,-4378.806451612903,-2687.7096774193533,-3019.0,-3836.612903225805,-5672.387096774194,-4744.999999999998,-4311.709677419355,-5760.322580645161,-6542.67741935485,-6313.0,-6003.774193548386,-7037.903225806452,-6742.064516129045,-7607.0,-6803.0,-8348.870967741932,-7331.516129032258,-8809.0,-8013.677419354839,-10196.741935483868,-8543.838709677419,-9257.741935483868,25,5,6137,1505,1420,721,816,1675,0,0,0,0,0,0,0,0,0,0,0,0,0,0,0,0,0,0,0,0
Stephen_Hawking,35,7027,36,7580,-126.96774193548396,-218.7096774193547,-488.77419354838713,-113.22580645161293,-578.258064516129,-167.83870967741936,-594.8709677419345,-370.0322580645168,-688.258064516129,-704.516129032258,-268.8709677419355,-312.41935483870964,-749.4516129032274,-672.2903225806452,-926.2903225806472,-1182.225806451613,-782.7096774193549,-1128.6451612903222,-1072.0000000000032,-865.3548387096746,-1251.4838709677415,-726.741935483871,-1188.3870967741934,-686.3548387096774,-1015.9677419354808,-968.1935483870994,-732.9677419354816,-1138.6451612903222,-598.3870967741937,-1062.548387096774,35,5,6323,741,2161,489,495,2431,0,0,0,0,0,0,0,0,0,0,0,0,0,0,0,0,0,0,0,0
Stephen_Hawking,260,187802,186,105929,-7601.967741935484,-14503.870967741936,-15300.67741935484,-15654.967741935485,-22059.225806451617,-27778.87096774191,-30327.548387096773,-34990.93548387097,-35107.41935483871,-23688.41935483871,-22185.096774193527,-30673.74193548382,-36986.16129032258,-36255.032258064486,-41386.12903225807,-41032.87096774193,-44539.96774193544,-50030.61290322573,-55447.77419354839,-59862.70967741936,-51373.93548387097,-40897.16129032264,-23752.16129032265,-12208.903225806487,-1800.161290322568,6124.645161290322,18414.41935483868,31673.225806451614,45828.48387096774,60400.12903225807,178,13,37949,1167,807,1658,818,840,1282,799,836,851,1149,887,855,25982,0,0,0,0,0,0,0,0,0,0,0,0
Stephen_Hawking,68,50344,99,59604,-906.3225806451616,-1385.4516129032272,-1692.225806451613,-2218.967741935484,-1582.7096774193549,-2569.3548387096744,-2150.1935483870966,-4791.483870967742,-4144.677419354839,-6000.354838709677,-5626.774193548376,-7215.225806451613,-3614.419354838712,-1403.8387096774222,266.96774193547685,-107.87096774193536,-815.6129032258063,-1353.3548387096776,-2530.838709677405,-3635.677419354829,-4640.645161290323,-5207.0,-5799.516129032258,-6124.967741935491,-7809.903225806427,-6668.290322580645,-9370.258064516129,-8031.774193548386,-10221.516129032272,-9169.0,50,6,10751,1493,3409,826,837,3267,895,0,0,0,0,0,0,0,0,0,0,0,0,0,0,0,0,0,0,0
Stephen_Hawking,99,42668,132,103871,-112.0967741935484,-4730.0,-7019.322580645161,-8645.677419354844,-12178.870967741936,-16191.645161290322,-14712.83870967742,-15634.774193548386,-17160.870967741936,-19663.74193548387,-22446.516129032258,-19938.677419354823,-21373.25806451613,-24527.83870967742,-26123.41935483869,-28636.548387096773,-31842.0,-33306.2258064516,-35853.83870967742,-39207.77419354845,-39973.0,-43004.12903225807,-46440.0967741936,-47430.45161290321,-51929.35483870968,-53165.12903225806,-54437.35483870967,-58994.67741935484,-58394.61290322586,-62004.0,83,7,11256,211,832,1724,1552,1635,3505,1791,0,0,0,0,0,0,0,0,0,0,0,0,0,0,0,0,0,0
Straight_Outta_Compton,43,10124,43,10266,-348.5806451612904,-80.96774193548387,-414.612903225806,-664.483870967742,-303.4193548387097,-498.41935483870856,-836.0967741935483,-544.6129032258073,-514.58064516129,-966.7096774193548,-800.4838709677433,-585.8064516129034,-1011.8064516129008,-1014.6774193548408,-584.2580645161291,-920.1935483870958,-1224.8064516129032,-686.7096774193549,-794.903225806451,-1134.4193548387098,-787.8064516129065,-554.6451612903227,-1026.032258064516,-742.2258064516186,-546.0967741935485,-933.6774193548326,-881.935483870969,-338.5483870967744,-531.8064516129025,-703.1290322580643,43,8,9264,1005,1515,405,2163,461,1104,362,2243,0,0,0,0,0,0,0,0,0,0,0,0,0,0,0,0,0
Straight_Outta_Compton,43,26160,308,85432,-200.0,-1696.0,-2768.3225806451555,-2623.2903225806585,8885.322580645161,14023.322580645165,15557.548387096776,17039.0,14702.41935483871,12153.0,8745.0,5307.225806451614,-3.19354838707568,-4841.903225806451,-8336.0,-13976.0,-18606.0,-24283.16129032258,-25799.290322580608,-32453.0,-37023.0,-39603.0,-41976.48387096774,-45681.0,-50403.6129032258,-55685.22580645157,-57656.0,-58174.0,-58488.0,-58789.93548387097,10,1,3792,3792,0,0,0,0,0,0,0,0,0,0,0,0,0,0,0,0,0,0,0,0,0,0,0,0
Straight_Outta_Compton,124,73967,142,63648,-1528.0,-2526.612903225804,-4702.0,-5862.000000000003,-6401.774193548387,-8089.419354838698,-8957.870967741936,-10404.903225806444,-11292.548387096776,-11327.838709677424,-12418.225806451614,-1605.2580645161288,3046.4516129032127,1354.258064516116,366.4193548387093,-66.67741935483843,3454.064516129049,2146.9032258064512,1385.2580645161293,6275.000000000012,4589.548387096775,13543.258064516138,13329.709677419354,13873.451612903273,12752.032258064515,13411.774193548388,11921.8387096774,11046.064516129032,10603.74193548387,10932.354838709678,97,10,18219,589,205,2188,4803,824,2578,899,2616,917,2594,0,0,0,0,0,0,0,0,0,0,0,0,0,0,0
Straight_Outta_Compton,139,210980,134,70084,-1790.4193548387098,-3268.0,-5352.903225806452,-6445.870967741936,-7550.8387096774195,-7145.225806451613,-9174.612903225812,-10505.225806451612,-11834.354838709667,-13144.709677419358,-13934.645161290322,-14382.612903225809,9392.548387096773,13038.870967741945,49150.83870967743,86168.06451612903,122650.54838709676,121638.58064516127,120884.6129032258,118954.03225806452,118877.93548387096,145199.83870967742,148918.74193548388,148482.77419354842,147217.96774193548,147572.0,146570.48387096773,145166.61290322582,143760.74193548388,142356.87096774194,101,10,16610,206,793,1413,742,4153,832,846,3021,2710,1894,0,0,0,0,0,0,0,0,0,0,0,0,0,0,0
T20_World_Cup,105,49721,81,48830,-1543.483870967742,-2620.322580645161,-4415.290322580643,-4624.741935483871,-5428.419354838709,-5290.161290322582,-7578.870967741938,-6147.4838709677415,-9200.354838709678,-8984.838709677419,-9315.483870967744,-11641.806451612903,-10137.2258064516,-12386.322580645156,-10923.0,-13988.741935483871,-13170.225806451614,-16230.709677419354,-4577.580645161288,-7663.41935483871,-7634.645161290323,-7728.645161290323,-9560.129032258064,-12064.709677419338,-11798.387096774191,-1514.322580645161,3428.935483870968,2511.5806451612925,2486.6129032258086,-452.8387096774236,90,7,10335,2658,839,803,1704,2312,1609,410,0,0,0,0,0,0,0,0,0,0,0,0,0,0,0,0,0,0
T20_World_Cup,70,41365,79,36677,-28.0,-82.0,-1130.0,-2531.0,2526.0,1841.0,1198.0,337.0,-1261.0,639.0,-656.0,-1130.0,-366.0,-2772.0,-2264.0,-2296.0,-3896.0,-1987.0,-3318.0,-3799.0,-4128.0,-5393.0,-4374.0,-5843.0,-5355.0,7655.0,5216.0,5329.0,5287.0,3223.0,54,6,10216,840,789,2484,4163,749,1189,0,0,0,0,0,0,0,0,0,0,0,0,0,0,0,0,0,0,0
T20_World_Cup,34,11947,36,7177,-375.0645161290322,-453.38709677419376,-275.06451612903174,-644.1612903225806,-193.80645161290323,-652.7419354838709,-226.12903225806457,-636.677419354838,-395.0322580645168,-398.645161290322,-602.3225806451618,-161.93548387096783,-634.774193548387,-681.2580645161291,-234.48387096774013,-167.5806451612904,-214.9354838709677,-565.4516129032274,1889.3548387096853,4489.774193548387,4337.903225806452,4585.451612903225,4138.322580645161,4522.999999999996,4396.645161290327,4315.580645161286,4689.870967741939,4223.870967741936,4735.322580645161,4275.290322580646,32,9,6060,226,886,417,425,474,1686,479,486,981,0,0,0,0,0,0,0,0,0,0,0,0,0,0,0,0
T20_World_Cup,26,5548,26,5213,-357.38709677419354,-123.09677419354838,-511.1612903225807,-143.22580645161275,-168.9354838709676,-345.80645161290323,48.16129032258064,-324.0967741935484,108.06451612903224,-203.4193548387094,-64.74193548387035,106.96774193548391,-203.03225806451607,280.3225806451613,-106.80645161290316,326.80645161290374,188.8387096774196,125.22580645161368,504.5806451612903,133.258064516129,633.483870967742,271.1612903225796,473.6774193548405,508.6451612903227,247.3225806451613,524.7419354838709,138.54838709677415,436.677419354839,176.32258064516014,158.54838709677566,26,7,5028,219,469,423,405,2687,274,551,0,0,0,0,0,0,0,0,0,0,0,0,0,0,0,0,0,0
Trump,46,21162,73,14262,-96.7741935483871,-100.0,-134.0,-223.0967741935484,-236.0,-295.16129032258067,-395.41935483870975,-462.0,-472.96774193548384,-544.8387096774195,-2090.1290322580644,-2087.322580645161,-3673.129032258064,-3742.709677419354,-3919.2258064516127,-3952.3870967741937,-3945.290322580645,-5855.483870967742,-7673.677419354839,-9537.870967741936,-7956.612903225809,2751.967741935484,4017.354838709709,7861.74193548387,6858.064516129032,6112.290322580651,7065.935483870967,6976.322580645161,6872.548387096775,6938.774193548387,41,1,2477,2416,0,0,0,0,0,0,0,0,0,0,0,0,0,0,0,0,0,0,0,0,0,0,0,0
Trump,20,8354,24,11157,-29.032258064516128,-58.064516129032256,-87.0967741935484,-116.12903225806453,-113.29032258064515,-75.54838709677416,-1178.8064516129032,-665.4516129032255,-459.25806451612897,-1667.5806451612902,-2740.8064516129043,-2305.64516129032,-1706.4193548387098,-1000.451612903226,-2024.3225806451603,-2546.354838709678,-3397.3870967741937,-2326.5806451612902,-1932.9032258064508,-1698.3870967741923,-2957.4193548387098,-3995.483870967744,-3630.129032258061,-2994.774193548388,-2245.8064516129034,-3241.5806451612907,-3774.9354838709696,-4666.225806451613,-3591.935483870968,-3156.483870967744,16,2,3776,794,2976,0,0,0,0,0,0,0,0,0,0,0,0,0,0,0,0,0,0,0,0,0,0,0
Trump,9,1543,9,1938,-10.74952561669835,-15.806451612903224,-0.7096774193548328,-141.74193548387103,-407.6774193548388,-439.4193548387096,-409.0967741935484,-256.9677419354838,-168.51612903225808,-180.1290322580645,-361.67741935483895,-628.1935483870972,-628.741935483871,-572.0967741935484,-370.03225806451576,-274.80645161290323,-286.4193548387097,-496.7419354838716,-748.1612903225806,-733.0645161290322,-647.3225806451607,-420.2903225806447,-339.0967741935484,-350.7096774193549,-589.9354838709684,-810.483870967742,-795.3870967741935,-680.6774193548388,-441.4516129032254,-383.3870967741936,9,2,1363,582,775,0,0,0,0,0,0,0,0,0,0,0,0,0,0,0,0,0,0,0,0,0,0,0
Trump,10,1774,10,1985,-378.062818336163,-367.4516129032258,-350.6774193548387,-213.70967741935485,-120.51612903225806,-133.4193548387097,-330.0645161290321,-507.8064516129032,-491.0322580645161,-367.6774193548388,-225.9354838709677,-238.83870967741936,-389.9354838709676,-620.1612903225807,-603.3870967741935,-485.3225806451614,-265.9677419354842,-267.258064516129,-372.5483870967741,-616.4193548387093,-638.741935483871,-550.1612903225807,-294.03225806451644,-239.67741935483872,-298.9032258064516,-543.4193548387094,-618.0967741935484,-576.4193548387104,-310.612903225806,-198.0967741935484,10,3,1574,219,574,781,0,0,0,0,0,0,0,0,0,0,0,0,0,0,0,0,0,0,0,0,0,0
Ukraine,12,2576,12,2883,-459.4824684431977,-443.741935483871,-292.967741935484,-2.93548387096774,-18.41935483870968,-317.1290322580642,-469.0967741935484,-370.00000000000006,-34.0,-34.83870967741936,-277.41935483870947,-492.45161290322585,-448.1290322580645,-137.677419354839,-85.25806451612904,-271.4516129032256,-549.8064516129033,-529.6774193548387,-272.5161290322583,-177.67741935483872,-307.2258064516128,-649.1612903225807,-629.0322580645162,-419.61290322580726,-279.0967741935484,-351.7419354838709,-710.1935483870964,-737.3870967741935,-529.3870967741946,-291.51612903225805,12,2,2336,837,1499,0,0,0,0,0,0,0,0,0,0,0,0,0,0,0,0,0,0,0,0,0,0,0
Ukraine,77,24966,70,50398,-2020.903225806452,-2577.6774193548385,-5140.774193548387,-5237.354838709677,-1532.645161290321,1104.967741935484,575.6774193548343,-2381.6774193548385,-6335.12903225807,-7961.096774193548,-5875.225806451613,-4465.064516129032,-10929.806451612903,-11728.935483870968,-9612.032258064515,-9602.354838709678,-8610.258064516129,-8613.09677419355,-15072.483870967742,-14949.193548387097,-13060.612903225809,-19520.612903225807,-19330.225806451614,-19765.67741935485,-23976.74193548387,-23460.35483870967,-21809.64516129032,-23852.70967741936,-27400.58064516129,-26247.16129032258,64,4,7208,1191,902,1043,4060,0,0,0,0,0,0,0,0,0,0,0,0,0,0,0,0,0,0,0,0,0
Ukraine,41,25347,55,25098,-463.3870967741936,-2886.8064516129034,-1348.9677419354834,-2440.548387096774,-1038.9354838709678,-3080.4516129032254,-2854.709677419355,-2891.774193548388,-4291.967741935484,-4826.967741935484,-3607.7741935483928,-1215.4193548387118,897.741935483871,1106.25806451613,-100.8064516129032,680.8064516129032,2817.4193548387098,722.4516129032276,996.6451612903226,961.0645161290324,-461.25806451612925,-1013.1290322580644,158.29032258065115,1784.4838709677415,1872.5806451612905,669.0,995.7419354838636,-1174.7096774193546,1767.7741935483873,289.0,32,4,5266,733,1875,1825,827,0,0,0,0,0,0,0,0,0,0,0,0,0,0,0,0,0,0,0,0,0
Ukraine,43,17778,44,45129,-3112.9354838709683,-4435.709677419355,-4397.354838709677,-4430.451612903225,-6741.064516129032,-8390.677419354844,-10874.290322580646,-8984.612903225807,-10319.0,-10215.161290322583,-13447.161290322578,-12848.258064516122,-13957.0,-13183.32258064516,-15710.193548387097,-17735.354838709674,-17522.0,-16711.0,-19275.64516129032,-21599.25806451613,-20769.451612903234,-21008.806451612905,-22833.09677419355,-25158.70967741936,-23362.0,-23788.74193548387,-25646.290322580666,-28728.16129032258,-26810.09677419355,-28158.0,37,3,5846,211,741,4894,0,0,0,0,0,0,0,0,0,0,0,0,0,0,0,0,0,0,0,0,0,0
Wordle,12,2870,12,2883,-467.4179523141655,-448.741935483871,-294.4193548387098,3.06451612903226,-12.41935483870968,-310.48387096774167,-462.0967741935484,-351.38709677419365,31.064516129032256,32.16129032258064,-209.90322580645145,-424.45161290322585,-380.9032258064517,-79.74193548387126,-29.25806451612904,-215.06451612903209,-492.8064516129032,-472.6774193548387,-72.16129032258101,81.32258064516128,-47.96774193548376,-389.1612903225807,-369.03225806451616,-134.64516129032347,23.9032258064516,-48.6129032258064,-406.2903225806448,-433.3870967741936,-229.90322580645253,2.4838709677419217,12,4,2630,428,480,375,1347,0,0,0,0,0,0,0,0,0,0,0,0,0,0,0,0,0,0,0,0,0
Wordle,194,264125,195,47361,-4676.741935483871,-13008.483870967742,-16497.419354838712,-16153.06451612903,-9213.483870967742,-14616.806451612903,-13998.774193548386,-628.741935483871,15427.354838709683,29991.322580645163,39680.03225806452,50665.09677419358,58477.29032258064,68398.45161290323,77457.48387096774,87448.41935483871,94002.09677419356,106403.09677419356,116444.54838709682,130423.3870967742,138848.3225806451,157916.03225806452,167569.12903225806,183674.7741935484,195013.35483870973,212677.83870967745,214890.870967742,215789.2258064516,208654.48387096776,214132.2258064516,92,5,20411,1179,1007,916,15807,1490,0,0,0,0,0,0,0,0,0,0,0,0,0,0,0,0,0,0,0,0
Wordle,24,17025,41,22300,-673.8064516129032,155.3548387096774,105.03225806451611,31.54838709677428,-1971.096774193548,-358.93548387096774,-1830.0,-376.0,-1306.3225806451603,-3013.8064516129034,-897.5483870967741,-2358.0,-1864.193548387096,-3089.1290322580644,-4288.709677419355,-2565.7419354838707,-3646.0,-2765.8064516129034,-2816.1290322580644,-4624.322580645159,-3660.935483870973,-4799.0,-4816.419354838709,-4570.161290322585,-6542.709677419358,-4523.387096774193,-5996.0,-5221.0,-5241.0,-5290.677419354839,17,3,3245,722,898,1601,0,0,0,0,0,0,0,0,0,0,0,0,0,0,0,0,0,0,0,0,0,0
Wordle,39,14993,43,42817,-14.0,-1242.064516129033,-4131.645161290325,-4365.0,-5093.354838709684,-6307.7741935483855,-8510.032258064515,-10829.32258064516,-9396.741935483871,-10306.612903225809,-11637.903225806464,-14375.483870967742,-12477.09677419355,-13816.0,-13132.41935483871,-15954.354838709683,-17256.999999999993,-17465.0,-16643.064516129034,-20644.0,-23205.09677419355,-25530.3870967742,-25514.70967741936,-23677.870967741936,-25023.0,-24221.1935483871,-26746.83870967742,-28750.32258064515,-27223.67741935484,-27985.54838709677,34,4,5419,218,751,1569,2875,0,0,0,0,0,0,0,0,0,0,0,0,0,0,0,0,0,0,0,0,0
World_Cup,81,154727,67,30450,-1508.1290322580646,-3025.064516129032,-3050.774193548388,-2048.516129032258,-4064.6451612903215,-4916.516129032257,-4704.225806451613,-4536.612903225806,-6364.290322580645,-8229.322580645161,1573.0645161290513,1978.6129032258063,772.0322580645162,197.19354838709663,30720.06451612904,51092.93548387097,77076.80645161301,97682.67741935483,122836.87096774195,129309.90322580644,128029.32258064517,126004.29032258064,126138.25806451614,127980.90322580644,126122.6451612903,125953.64516129032,125455.70967741936,123659.09677419356,124871.58064516126,122421.03225806452,59,4,5080,1658,991,1624,807,0,0,0,0,0,0,0,0,0,0,0,0,0,0,0,0,0,0,0,0,0
World_Cup,74,108239,77,25389,-2251.0,-3161.3548387096776,-2308.2580645161293,-2053.5483870967737,-1695.3870967741934,-2752.322580645162,-3267.967741935484,-4385.870967741936,-3078.3870967741937,-5208.967741935481,2539.1935483870966,11200.483870967742,16941.774193548386,23104.99999999999,31344.35483870968,39957.90322580645,50945.64516129034,63008.22580645161,74485.51612903226,79882.12903225808,78948.19354838709,79049.70967741935,84690.67741935483,84275.77419354838,83165.06451612903,83383.96774193547,81490.70967741935,83125.90322580645,82048.41935483871,82844.67741935483,41,3,7042,206,3307,3505,0,0,0,0,0,0,0,0,0,0,0,0,0,0,0,0,0,0,0,0,0,0
World_Cup,25,4444,38,5846,-40.0,-261.54838709677426,-345.2903225806452,-464.0,-479.483870967742,-538.516129032258,-675.1935483870966,-466.5483870967743,-905.0,-959.967741935484,-969.0,-613.4516129032257,-692.032258064516,-1008.1612903225812,-1054.451612903226,-1024.3870967741934,-629.2903225806451,-649.741935483871,-1198.7096774193549,-1040.8709677419358,-1554.258064516129,-1183.3548387096753,-1580.8064516129032,-1126.3225806451612,-1170.8387096774195,-1513.8709677419351,-1463.419354838712,-1310.193548387096,-1483.0000000000027,-1499.9032258064472,25,4,3940,494,851,974,1615,0,0,0,0,0,0,0,0,0,0,0,0,0,0,0,0,0,0,0,0,0
World_Cup,18,3882,18,3591,-370.8064516129032,-267.0645161290322,-104.67741935483872,-357.5806451612905,-470.0322580645161,13.064516129032713,-39.64516129032253,-360.4516129032258,-158.1935483870962,52.74193548387096,-247.64516129032305,-308.67741935483866,127.06451612903224,11.193548387096854,-259.0967741935483,1.6129032258069742,164.16129032258064,-184.22580645161395,-169.1935483870961,200.48387096774192,37.516129032256856,-181.7419354838709,140.12903225806502,249.58064516129025,-134.16129032258058,-42.22580645161236,228.9032258064516,18.32258064516145,-149.38709677419348,238.0967741935505,18,3,3522,240,2513,769,0,0,0,0,0,0,0,0,0,0,0,0,0,0,0,0,0,0,0,0,0,0
XXXTentacion,22,4678,22,5313,-447.0967741935484,-11.806451612903174,-69.45161290322571,-392.3870967741936,-105.93548387096776,-361.4193548387095,-559.6774193548387,-124.0967741935484,-493.9032258064521,-513.354838709677,-281.258064516129,-750.1612903225807,-587.7096774193544,-438.4193548387097,-896.4516129032257,-530.2580645161285,-467.8709677419354,-857.7419354838709,-590.5161290322578,-782.0000000000015,-1046.032258064516,-723.516129032258,-1039.645161290324,-1148.741935483872,-719.6774193548388,-1151.8064516129043,-1002.2903225806424,-662.8387096774194,-1131.8064516129032,-822.580645161288,22,4,4238,1180,579,1034,1445,0,0,0,0,0,0,0,0,0,0,0,0,0,0,0,0,0,0,0,0,0
XXXTentacion,115,31822,99,83337,-4.516129032258064,-3342.032258064516,-4516.193548387097,-6580.354838709677,-13018.58064516129,-11510.258064516129,-17463.612903225807,-15561.516129032258,-21983.64516129032,-20014.64516129032,-26512.58064516129,-27245.1935483871,-25181.83870967742,-31690.225806451614,-30153.612903225807,-36303.25806451613,-34836.51612903226,-40761.29032258064,-39162.22580645161,-45610.32258064516,-43891.8064516129,-50333.35483870968,-48519.03225806451,-48292.3870967742,-49902.96774193552,-54713.41935483871,-55564.096774193546,-59950.45161290323,-58732.87096774193,-52380.096774193546,97,9,10252,1184,1697,839,1024,700,860,470,599,2867,0,0,0,0,0,0,0,0,0,0,0,0,0,0,0,0
XXXTentacion,49,33227,77,49966,-2468.0,-3493.3548387096776,-4413.967741935484,-3992.0,-3226.0,-5851.064516129032,-5211.0,-5892.419354838709,-5609.000000000004,-5661.096774193548,-7676.677419354841,-7657.516129032258,-8450.483870967737,-8830.0,-8077.129032258063,-8606.258064516127,-9576.064516129032,-12048.87096774194,-11585.0,-11180.193548387097,-13798.225806451614,-12906.870967741936,-12782.32258064516,-14466.774193548385,-14314.741935483871,-16160.516129032249,-16341.0,-15793.741935483864,-16025.58064516129,-16679.0,37,8,7732,206,804,757,1650,831,901,1735,842,0,0,0,0,0,0,0,0,0,0,0,0,0,0,0,0,0
XXXTentacion,73,30453,103,83700,-2337.935483870968,-2868.483870967742,-5135.0,-7011.290322580647,-11473.67741935484,-10277.0,-10904.387096774191,-11499.870967741936,-15235.129032258066,-15903.0,-20056.290322580644,-19514.90322580645,-23614.16129032258,-22738.451612903234,-27118.032258064515,-26177.870967741936,-31105.90322580645,-30574.35483870968,-33257.709677419334,-34232.0,-34518.0,-38474.0,-41017.51612903226,-42686.45161290323,-46498.74193548383,-46702.29032258064,-51011.25806451613,-50468.77419354839,-54508.12903225807,-53465.41935483873,62,5,8719,2616,807,1313,1084,2899,0,0,0,0,0,0,0,0,0,0,0,0,0,0,0,0,0,0,0,0
Zoom,16,11637,29,13906,-34.83870967741936,-69.6774193548387,-74.12903225806453,-1242.3870967741937,-725.8709677419359,-1161.2580645161283,-2142.032258064516,-3113.6774193548385,-1021.548387096774,-2480.0,-2483.2258064516127,-1222.8387096774204,-2015.0322580645152,-2967.838709677419,-3428.2580645161293,-1611.4193548387098,-3067.0,-1626.0967741935483,-1640.9354838709678,-1675.774193548387,-2522.9354838709646,-3491.6774193548363,-4169.000000000004,-2213.1290322580644,-3671.0,-2200.8064516129034,-2215.0,-2230.483870967742,-2265.322580645161,-2295.0,10,1,781,757,0,0,0,0,0,0,0,0,0,0,0,0,0,0,0,0,0,0,0,0,0,0,0,0
Zoom,28,10112,50,32832,-3184.774193548388,-4421.290322580645,-4550.903225806452,-6113.387096774193,-7823.870967741936,-7808.580645161291,-7454.129032258063,-6348.774193548387,-8768.967741935483,-8783.935483870968,-8820.064516129032,-9517.58064516129,-9928.258064516129,-10007.0,-11430.0,-11443.548387096776,-13321.16129032258,-15638.935483870968,-13759.83870967742,-15089.0,-14793.451612903224,-16948.032258064515,-19267.8064516129,-18089.93548387097,-18750.41935483871,-18055.0,-18612.0,-18698.41935483871,-22620.0,-22620.0,24,2,2609,210,2393,0,0,0,0,0,0,0,0,0,0,0,0,0,0,0,0,0,0,0,0,0,0,0
Zoom,25,7332,60,6650,-8.838709677419352,-300.0,-442.0645161290322,-1223.9354838709678,-1321.225806451613,-1332.0,-1407.483870967742,-1969.0,-1969.0,-1969.0,-1989.0,-1989.0,-2283.0,-2354.0,-2668.193548387097,-2591.4193548387098,-2570.032258064516,2049.774193548387,1768.0645161290324,1702.225806451613,2087.3870967741937,1537.7956989247311,1608.709677419355,1654.0,1097.0,1097.0,1097.0,1097.0,979.6451612903228,721.3548387096774,24,1,1621,1578,0,0,0,0,0,0,0,0,0,0,0,0,0,0,0,0,0,0,0,0,0,0,0,0
Zoom,8,1530,8,1586,-385.2903225806452,-374.1612903225807,-360.741935483871,-332.6774193548387,-202.0967741935484,-97.93548387096774,-108.25806451612902,-164.51612903225802,-358.58064516129014,-487.8064516129032,-474.3870967741936,-414.3225806451613,-276.5161290322582,-203.51612903225805,-213.83870967741936,-316.29032258064507,-510.8709677419352,-588.4516129032259,-575.0322580645161,-434.51612903225816,-217.7419354838713,-157.0967741935484,-167.4193548387097,-316.3225806451612,-511.41935483870935,-537.0967741935484,-523.6774193548387,-302.5161290322583,-51.67741935483912,-45.67741935483872,8,1,1370,1370,0,0,0,0,0,0,0,0,0,0,0,0,0,0,0,0,0,0,0,0,0,0,0,0
aaron_hernandez,41,11487,43,8414,-136.7741935483872,-484.0967741935484,-113.35483870967737,-131.5483870967745,-529.741935483871,-219.96774193548376,-113.09677419354956,-564.3870967741935,-240.6129032258063,-551.9354838709677,-523.0322580645162,-72.64516129032256,-207.2580645161294,4289.032258064489,4476.774193548387,4547.000000000002,4685.709677419355,4221.129032258064,4355.032258064519,4396.129032258064,3935.483870967742,3875.548387096776,3662.548387096774,3699.709677419355,3672.161290322581,3217.3870967741937,3148.193548387099,2802.6451612903224,3206.4193548387093,2826.548387096774,40,6,5456,402,1255,423,1625,837,914,0,0,0,0,0,0,0,0,0,0,0,0,0,0,0,0,0,0,0
aaron_hernandez,43,26160,224,60047,-140.0,-1284.516129032258,-2930.6129032258063,10153.483870967742,9918.645161290322,15808.774193548386,16226.06451612903,17665.93548387097,18679.83870967742,16302.0,15037.58064516129,13644.0,10174.0,6691.0,3215.0,-282.0,-3805.0,-6196.0,-10110.548387096764,-14434.0,-17978.709677419356,-21523.83870967742,-25073.967741935485,-27464.0,-31009.225806451614,-32542.70967741936,-32734.967741935485,-33047.22580645161,-33400.74193548387,-33647.0,10,1,3792,3792,0,0,0,0,0,0,0,0,0,0,0,0,0,0,0,0,0,0,0,0,0,0,0,0
aaron_hernandez,80,148710,86,39463,-971.0,-1150.0,-2540.0,-3308.870967741936,-5421.5161290322585,-4267.90322580646,-5218.774193548387,-6901.935483870968,-6327.77419354839,-6044.258064516129,-8016.645161290316,-7571.903225806452,-6804.580645161291,-8513.483870967731,-8935.967741935492,-8106.483870967742,-9472.451612903224,-11265.516129032265,-10553.096774193553,-11367.354838709678,-13541.58064516129,-13536.32258064516,-13323.193548387091,-15544.258064516118,-4447.774193548318,14510.83870967742,30653.483870967782,62172.22580645161,74473.5806451613,84593.96774193548,49,5,9085,589,3085,3587,1338,474,0,0,0,0,0,0,0,0,0,0,0,0,0,0,0,0,0,0,0,0
aaron_hernandez,76,39907,94,65995,-2772.5806451612902,-4082.161290322581,-4525.387096774193,-3762.290322580645,-4479.612903225807,-5223.935483870968,-5942.258064516129,-6696.580645161291,-7418.903225806452,-8182.225806451613,-8857.548387096775,-9616.870967741936,-10352.193548387097,-11113.516129032258,-11797.83870967742,-12553.16129032258,-13225.483870967742,-13981.806451612903,-14845.129032258064,-15602.451612903224,-16565.774193548386,-17324.09677419355,-18475.41935483871,-21072.74193548387,-20454.06451612904,-23053.3870967742,-22433.70967741936,-23194.032258064515,-24291.35483870968,-25052.67741935484,62,5,8987,205,945,3140,2302,2395,0,0,0,0,0,0,0,0,0,0,0,0,0,0,0,0,0,0,0,0
fidget_spinner,74,16510,115,12279,-762.9354838709677,-888.8709677419355,-1658.774193548387,-1977.870967741936,-2391.0,-2482.6129032258063,-3274.0,-3324.1935483870966,-2708.4193548387098,-2755.709677419355,-2179.290322580645,-2157.2258064516127,-1614.2903225806454,-1787.5483870967764,-1006.258064516129,-1542.741935483871,-398.225806451613,-841.419354838706,157.80645161290334,-378.67741935483866,764.3548387096774,1345.4193548387098,1312.967741935484,1890.806451612904,1869.9032258064512,1333.4193548387093,3078.7419354838707,3036.612903225806,3451.8064516129098,4145.903225806454,61,3,314,128,102,80,0,0,0,0,0,0,0,0,0,0,0,0,0,0,0,0,0,0,0,0,0,0
fidget_spinner,43,26160,239,56897,-160.0,-1260.1935483870968,-2904.2258064516127,11068.903225806453,11271.258064516129,15798.741935483871,16354.83870967742,18537.612903225807,16575.129032258064,15354.0,13885.967741935485,10501.0,9429.548387096767,5830.0,1440.0,-2955.580645161296,-3345.0,-6211.0,-8202.41935483871,-9548.0,-13980.0,-16368.22580645165,-20933.0,-24693.193548387088,-25702.0,-29157.25806451613,-29585.0,-29785.0,-30175.90322580645,-30477.0,10,1,3792,3792,0,0,0,0,0,0,0,0,0,0,0,0,0,0,0,0,0,0,0,0,0,0,0,0
fidget_spinner,58,25301,63,36012,-2248.0,-3247.0,-2669.0,-3943.0,-3993.0,-4608.0,-4661.0,-5235.0,-5291.0,-7024.0,-5927.0,-6505.0,-6561.0,-7133.0,-7191.0,-7770.0,-7833.0,-8341.0,-8403.0,-8978.0,-9042.0,-9614.0,-9677.0,-10179.0,-10245.0,-10730.0,-10796.0,-11283.0,-11352.0,-10697.0,45,5,10511,590,3642,742,1562,3963,0,0,0,0,0,0,0,0,0,0,0,0,0,0,0,0,0,0,0,0
fidget_spinner,76,38283,95,62964,-2531.6129032258063,-2702.0,-2613.8387096774195,-5308.032258064516,-6676.516129032258,-7071.677419354839,-6487.161290322589,-8177.612903225811,-8805.870967741936,-11095.032258064515,-9714.0,-12589.83870967742,-11221.0,-13827.032258064492,-12721.0,-14992.419354838696,-14228.0,-16162.387096774191,-15676.645161290322,-17269.870967741914,-17192.870967741936,-18440.06451612902,-18707.09677419355,-19609.29032258064,-20153.322580645163,-20917.93548387097,-21583.548387096773,-22348.16129032258,-23013.774193548383,-23779.3870967742,63,6,10576,249,206,1609,2282,758,5472,0,0,0,0,0,0,0,0,0,0,0,0,0,0,0,0,0,0,0
hurricane_harvey,87,22540,745,54329,2261.6129032258063,4456.838709677425,6174.419354838714,3621.096774193546,308.0,-4291.322580645161,-8500.419354838712,-14798.09677419355,-15231.0,-15634.870967741936,-16083.258064516129,-16531.0,-17000.032258064515,-17451.0,-17951.0,-18445.1935483871,-18913.58064516129,-19431.0,-20308.35483870968,-28066.74193548387,-28535.129032258064,-28963.516129032258,-29451.90322580645,-29939.0,-30439.0,-31946.06451612904,-32388.0,-33857.0,-34340.22580645161,-35580.0,74,6,2009,102,130,74,691,250,756,0,0,0,0,0,0,0,0,0,0,0,0,0,0,0,0,0,0,0
hurricane_harvey,78,35787,80,68163,-597.0,-4613.0,-4641.387096774193,-6882.5161290322585,-7526.0,-9713.774193548386,-9734.225806451614,-12324.967741935488,-15183.290322580646,-16635.322580645163,-18132.35483870968,-19629.3870967742,-21081.41935483871,-22227.93548387096,-21505.93548387097,-23080.741935483868,-27886.548387096773,-27103.58064516129,-29621.612903225807,-30007.16129032258,-31389.22580645161,-33073.70967741936,-34174.6129032258,-18028.09677419355,-22990.8064516129,-21557.35483870968,-26448.870967741936,-27621.90322580645,-28875.74193548387,-31700.354838709674,61,4,3550,212,2294,711,303,0,0,0,0,0,0,0,0,0,0,0,0,0,0,0,0,0,0,0,0,0
hurricane_harvey,58,24679,62,33391,-2343.6774193548385,-2159.4193548387098,-3529.032258064516,-3549.709677419354,-3871.548387096774,-4229.064516129032,-4579.741935483871,-4937.419354838709,-5295.096774193548,-5653.774193548387,-6011.451612903225,-6375.129032258064,-6737.806451612903,-6803.999999999998,-7126.290322580645,-8379.838709677419,-7641.064516129032,-9008.193548387097,-9470.000000000004,-8390.677419354837,-9213.677419354834,-5773.645161290335,-5675.774193548386,-5044.387096774193,-6775.354838709682,-6354.0967741935465,-7878.419354838718,-7662.677419354841,-7578.193548387091,-9976.580645161292,43,5,3629,206,60,2368,342,641,0,0,0,0,0,0,0,0,0,0,0,0,0,0,0,0,0,0,0,0
hurricane_harvey,76,55268,81,41777,-2031.0,-2910.2580645161293,-4779.419354838709,-3830.129032258064,-4311.129032258064,-4803.83870967742,-4772.806451612906,-6512.451612903225,-5300.645161290325,-6034.258064516129,-7438.838709677419,-5837.709677419355,-7165.935483870968,-7973.645161290315,-6933.387096774193,-8728.967741935487,-8796.709677419354,-9358.064516129032,-10630.58064516129,-10119.129032258064,-4903.741935483871,-5437.90322580645,-6394.548387096775,-6149.16129032258,7105.548387096771,15382.032258064515,15459.548387096773,13226.419354838708,13726.709677419343,13256.225806451614,56,5,11013,206,2279,5491,2054,977,0,0,0,0,0,0,0,0,0,0,0,0,0,0,0,0,0,0,0,0
hurricane_irma,33,5882,38,7249,-5.612903225806459,-339.9354838709679,-222.9354838709677,-655.8064516129032,-694.0322580645161,-659.7096774193549,-320.29032258064524,-339.45161290322585,-893.0645161290322,-723.0645161290323,-1250.967741935484,-1026.4193548387095,-1213.903225806453,-883.2903225806452,-1354.774193548387,-911.9032258064516,-1357.6774193548383,-1028.7741935483873,-1126.6451612903195,-1301.0000000000025,-906.9354838709678,-1379.9354838709676,-917.5483870967744,-1365.8387096774193,-1054.7741935483905,-1177.48387096774,-1427.3548387096796,-1134.5806451612905,-1611.0967741935483,-1281.193548387097,33,5,5218,1188,396,1751,446,1431,0,0,0,0,0,0,0,0,0,0,0,0,0,0,0,0,0,0,0,0
hurricane_irma,44,26180,218,56731,-140.0,-308.3870967741936,-2411.290322580645,1445.9677419354828,10582.58064516129,10827.967741935474,15086.32258064516,16879.225806451614,18744.0,16375.0,15190.0,13735.0,11409.741935483871,10100.0,6612.0,3117.4516129032254,-403.64516129032256,-3265.096774193569,-5349.0,-8894.0,-12903.806451612889,-17033.0,-20591.225806451614,-24785.8387096774,-25486.0,-29054.516129032258,-29470.0,-29668.70967741936,-30048.0,-30316.806451612905,9,1,3792,3792,0,0,0,0,0,0,0,0,0,0,0,0,0,0,0,0,0,0,0,0,0,0,0,0
hurricane_irma,55,27738,71,31970,-71.0,-59.838709677419374,-1045.032258064516,-1213.7096774193549,-1243.3870967741934,-1388.0,-2727.7419354838707,-3515.4193548387098,-4196.870967741932,-5056.516129032255,-5500.612903225807,-5728.032258064516,-5548.645161290329,-5492.483870967751,-5497.1612903225805,-7910.709677419355,-6372.709677419346,-7247.225806451605,-7868.967741935484,-8069.387096774194,-8376.225806451612,-9225.709677419349,-9556.677419354844,-9063.903225806454,-10202.483870967742,-10973.903225806453,-10996.451612903234,-3994.7741935483664,-4612.645161290323,-4208.322580645161,40,5,4695,595,769,817,2024,466,0,0,0,0,0,0,0,0,0,0,0,0,0,0,0,0,0,0,0,0
hurricane_irma,50,30849,66,48127,-2748.3870967741937,-3102.193548387097,-2002.709677419356,-4514.774193548389,-3387.903225806456,-5839.322580645161,-4780.806451612903,-6719.096774193548,-6043.0,-7597.870967741936,-6930.0,-8476.645161290322,-7821.0,-9358.41935483871,-8711.0,-10287.193548387097,-9626.0,-11176.967741935485,-10513.0,-11384.129032258084,-12909.387096774177,-11998.935483870966,-13507.90322580645,-13772.354838709663,-13696.0,-15239.064516129032,-14917.451612903234,-15454.0,-17890.225806451628,-15781.451612903224,37,4,2655,206,54,1390,993,0,0,0,0,0,0,0,0,0,0,0,0,0,0,0,0,0,0,0,0,0
iPhone14,20,3414,21,4145,-449.61290322580646,-187.483870967742,-72.35483870967742,-524.4516129032259,-242.451612903226,-94.70967741935485,-549.2903225806451,-279.16129032258084,-116.06451612903224,-573.1290322580645,-580.9677419354838,-621.4193548387096,-592.9677419354839,-592.6451612903226,-260.5806451612914,-208.8064516129033,-196.67741935483872,-655.3870967741926,-714.0322580645161,-568.0322580645161,-633.9677419354838,-1109.483870967742,-1075.0967741935483,-760.2580645161289,-705.8709677419347,-1128.9354838709678,-829.1290322580641,-747.9677419354834,-1187.774193548387,-859.3870967741959,20,2,3010,2178,832,0,0,0,0,0,0,0,0,0,0,0,0,0,0,0,0,0,0,0,0,0,0,0
iPhone14,71,15995,65,52919,1.677419354838701,-2737.903225806452,-2886.516129032256,-4508.290322580645,-10638.193548387098,-11843.483870967742,-11726.064516129032,-10474.58064516129,-9808.225806451614,-16268.806451612903,-16151.387096774191,-14824.322580645185,-20758.548387096773,-20641.129032258064,-18781.83870967742,-25276.290322580644,-25158.870967741936,-24117.48387096776,-29796.032258064515,-29678.612903225807,-27818.774193548383,-34310.77419354839,-34193.354838709674,-32286.74193548387,-38720.32258064517,-38687.096774193546,-36761.70967741936,-36975.45161290323,-36858.83870967742,-36892.0,62,8,7219,1185,938,835,822,815,828,850,940,0,0,0,0,0,0,0,0,0,0,0,0,0,0,0,0,0
iPhone14,29,20797,49,29408,-2602.322580645161,-671.9999999999998,-1944.870967741936,-1231.1612903225807,-2668.6129032258063,-3042.9032258064526,-3224.0,-2455.0,-2506.6129032258063,-2555.0,-3930.548387096774,-3496.2580645161306,-4497.0,-3819.709677419353,-5168.83870967742,-4263.645161290323,-5743.0,-4978.225806451613,-6678.67741935484,-5498.806451612903,-6974.0,-6222.387096774193,-8240.41935483871,-6747.967741935484,-7708.903225806454,-7421.548387096774,-9758.193548387088,-7948.129032258064,-9413.0,-8569.709677419354,22,3,5525,3058,772,1695,0,0,0,0,0,0,0,0,0,0,0,0,0,0,0,0,0,0,0,0,0,0
iPhone14,46,27735,65,55087,-597.0,-1541.548387096776,-4617.0,-7028.0,-8998.516129032258,-11557.354838709678,-12885.935483870968,-12087.225806451614,-12657.129032258064,-11123.0,-12544.0,-12635.0,-13638.032258064524,-17505.16129032258,-16966.0,-15732.096774193562,-19773.83870967742,-19231.0,-17809.00000000002,-22026.516129032258,-21482.0,-19913.41935483873,-24298.1935483871,-23750.0,-21982.000000000025,-26538.870967741936,-25988.0,-23994.064516129027,-28721.548387096773,-28169.0,33,4,1223,212,54,72,885,0,0,0,0,0,0,0,0,0,0,0,0,0,0,0,0,0,0,0,0,0
iPhone_11,36,15115,39,6337,-273.0645161290322,-457.967741935484,-81.16129032258064,-538.3870967741935,-598.483870967742,-326.0322580645163,-174.41935483870975,-361.5483870967745,3361.6129032258027,4380.032258064516,4634.741935483871,4190.354838709677,4132.741935483871,4537.93548387097,4539.548387096775,4143.419354838709,4183.419354838709,3841.6451612903234,3684.161290322581,3890.161290322579,3958.806451612904,3558.870967741936,3515.0967741935483,3589.032258064515,3970.6451612903215,3957.935483870968,5129.838709677446,8539.677419354837,8770.774193548386,8304.09677419355,34,2,3977,2430,1547,0,0,0,0,0,0,0,0,0,0,0,0,0,0,0,0,0,0,0,0,0,0,0
iPhone_11,89,27560,82,59977,-3077.41935483871,-4968.290322580645,-5423.74193548387,-1064.258064516127,1076.3870967741934,-1671.0322580645166,-5351.258064516129,-6092.645161290323,-4862.1612903225805,-4567.935483870975,-10519.387096774191,-8900.806451612898,-7796.225806451606,-14019.129032258064,-13106.322580645154,-15656.096774193567,-18427.870967741936,-16377.806451612903,-20696.67741935485,-20910.612903225807,-22391.064516129045,-26498.774193548383,-25351.41935483871,-30506.258064516143,-30898.516129032258,-31802.806451612905,-35399.67741935484,-33247.6129032258,-32420.35483870968,-32376.41935483871,75,7,10103,1185,944,1506,815,2304,1713,1630,0,0,0,0,0,0,0,0,0,0,0,0,0,0,0,0,0,0
iPhone_11,41,24038,60,32898,-2583.870967741936,-1949.0,-1220.451612903226,-3852.483870967742,-1807.1935483870968,-2699.516129032256,-3061.6451612903256,-4664.612903225803,-4438.0,-3700.83870967742,-6335.580645161291,-5687.0,-4919.290322580645,-7382.3548387096835,-6356.0000000000055,-6625.677419354836,-6191.225806451613,-6202.0,-8836.548387096775,-8189.0,-7396.16129032258,-10069.16129032258,-9276.129032258064,-10086.64516129034,-10683.09677419355,-9677.741935483864,-8961.225806451612,-9858.483870967751,-10726.677419354835,-9586.0,33,5,7747,747,1408,2349,816,2427,0,0,0,0,0,0,0,0,0,0,0,0,0,0,0,0,0,0,0,0
iPhone_11,51,30457,77,57762,-573.483870967742,-655.0,-702.0967741935485,-973.9354838709678,-1084.4193548387098,-1169.0645161290324,-1258.3870967741937,-2066.0,-2325.3548387096776,-4738.0,-6829.451612903226,-11598.451612903224,-11045.0,-9007.774193548386,-13849.064516129032,-13335.741935483871,-14162.03225806454,-15508.258064516132,-15332.870967741956,-17456.06451612903,-17320.774193548372,-20680.16129032258,-20114.0,-20572.90322580645,-21004.09677419355,-20902.58064516129,-25811.516129032258,-25262.0,-26335.25806451613,-27107.903225806444,36,3,1262,212,120,930,0,0,0,0,0,0,0,0,0,0,0,0,0,0,0,0,0,0,0,0,0,0
iPhone_5S,78,27776,62,34531,-737.9677419354839,-3819.483870967742,-3796.903225806452,-4770.870967741936,-4680.709677419355,-5522.451612903225,-6997.774193548387,-7032.741935483871,-8591.677419354839,-8662.41935483871,-8677.645161290322,-10547.90322580645,-12465.645161290322,-10594.83870967741,-4262.5161290322585,809.5161290322579,-690.6129032258063,-1885.354838709677,-29.387096774193594,-1673.8387096774193,-3123.645161290323,-5187.322580645161,-3946.258064516129,-3244.225806451613,-4841.548387096774,-5229.1612903225805,-6055.032258064516,-7110.032258064497,-7092.935483870972,-8681.258064516129,68,5,7340,1644,3102,844,866,884,0,0,0,0,0,0,0,0,0,0,0,0,0,0,0,0,0,0,0,0
iPhone_5S,38,16488,40,23423,-1867.1935483870968,-2217.6774193548385,-2068.8387096774195,-2074.451612903226,-3069.0967741935474,-2432.6774193548385,-3793.387096774192,-4131.83870967742,-3022.516129032258,-4328.032258064516,-5007.129032258064,-3612.419354838709,-4911.741935483871,-5860.45161290323,-4393.483870967741,-5498.451612903225,-6583.354838709677,-5168.4516129032245,-6075.1612903225805,-7162.064516129032,-5945.999999999999,-6346.451612903225,-7744.774193548387,-6676.709677419355,-6567.4838709677415,-8319.483870967742,-7239.548387096774,-6738.99999999999,-8656.45161290323,-7750.387096774193,30,4,7346,931,3903,810,1702,0,0,0,0,0,0,0,0,0,0,0,0,0,0,0,0,0,0,0,0,0
iPhone_5S,17,3697,17,3871,-17.483870967741936,-82.6451612903225,-444.4516129032258,-279.2903225806453,-56.67741935483871,-333.5161290322578,-508.3870967741936,-165.5483870967745,-85.41935483870968,-533.1612903225803,-494.1290322580653,-93.22580645161288,-228.96774193548376,-561.7741935483871,-369.7741935483879,-167.96774193548384,-475.064516129032,-619.7096774193549,-274.16129032258164,-227.7096774193548,-690.1612903225807,-612.870967741937,-265.516129032258,-430.67741935483775,-734.0967741935484,-456.2903225806454,-222.25806451612897,-559.9999999999989,-674.0322580645162,-203.8387096774216,17,6,3357,365,418,1182,390,495,501,0,0,0,0,0,0,0,0,0,0,0,0,0,0,0,0,0,0,0
iPhone_5S,18,4112,18,3591,-370.8064516129032,-228.67741935483863,14.32258064516128,-238.58064516129045,-351.0322580645161,23.67741935483906,-32.645161290322534,-353.4516129032258,-139.90322580645102,84.74193548387096,-215.64516129032305,-276.67741935483866,162.06451612903226,46.19354838709685,-224.0967741935484,20.35483870967792,171.16129032258064,-177.22580645161395,-161.5483870967735,217.48387096774192,54.516129032256856,-164.74193548387092,143.64516129032307,247.58064516129025,-136.16129032258058,-11.51612903225724,395.9032258064516,185.32258064516145,17.612903225806505,457.9354838709701,18,3,3752,359,1988,1405,0,0,0,0,0,0,0,0,0,0,0,0,0,0,0,0,0,0,0,0,0,0
las_vegas_shooting,44,8899,66,12213,-146.0,-613.3548387096774,-301.0,-738.0,-1152.0,-1244.258064516129,-1338.0,-1417.3548387096776,-1550.3870967741937,-1618.0967741935483,-1644.8064516129032,-2194.1290322580644,-2162.806451612903,-2191.483870967742,-2262.1612903225805,-1911.7096774193549,-2036.6451612903213,-2127.0645161290304,-2217.516129032256,-2308.096774193545,-2398.8064516129048,-2489.2258064516136,-2539.322580645161,-2573.645161290322,-2684.74193548387,-2865.516129032256,-3024.354838709676,-3183.322580645164,-3342.419354838711,-3503.0645161290327,44,11,8019,315,320,776,473,782,370,752,1137,380,885,1829,0,0,0,0,0,0,0,0,0,0,0,0,0,0
las_vegas_shooting,40,26100,247,70107,-180.0,-845.6129032258079,-2952.451612903226,6525.064516129032,13903.483870967742,15677.09677419355,18009.77419354839,16444.0,15210.0,13790.0,13537.0,10016.806451612903,6523.0,3015.7741935483864,-1011.8064516129244,-4131.0,-8705.258064516169,-13498.0,-18267.0,-21846.0,-25443.83870967742,-27841.451612903256,-31697.45161290322,-36249.3870967742,-40624.1290322581,-42445.83870967742,-42731.0,-43131.0,-43440.0,-43758.48387096774,8,1,3792,3792,0,0,0,0,0,0,0,0,0,0,0,0,0,0,0,0,0,0,0,0,0,0,0,0
las_vegas_shooting,89,91965,93,44362,-1285.0,-2056.4193548387098,-3552.032258064516,-4881.709677419355,-4309.387096774193,-3510.258064516129,-4857.967741935484,-6415.419354838709,-5799.096774193548,-6096.096774193548,-7381.451612903225,-5864.000000000028,-1721.3225806451624,-1109.2903225806654,14712.354838709678,13394.645161290322,11817.483870967742,12372.806451612903,12976.516129032258,10546.451612903224,10683.774193548386,11136.387096774191,9764.67741935484,7818.74193548387,8082.064516129032,7419.548387096775,6120.709677419354,6684.4516129032245,5690.06451612903,35777.70967741936,65,5,11996,212,835,5446,856,4635,0,0,0,0,0,0,0,0,0,0,0,0,0,0,0,0,0,0,0,0
las_vegas_shooting,61,37298,85,56521,-117.06451612903226,-178.03225806451613,-1696.548387096774,-1031.0,-445.3225806451613,-3462.0967741935483,-3897.6129032258063,-3247.516129032258,-2864.612903225812,-5683.1612903225805,-5019.0,-4448.774193548387,-7470.709677419354,-6797.0,-6211.967741935484,-9260.258064516129,-8574.0,-7986.16129032258,-11048.806451612903,-10351.0,-9827.709677419352,-12630.290322580651,-13855.483870967742,-13225.548387096776,-15959.38709677419,-15201.0,-18141.93548387097,-17192.0,-19006.48387096773,-17854.354838709674,44,3,1360,78,54,1216,0,0,0,0,0,0,0,0,0,0,0,0,0,0,0,0,0,0,0,0,0,0
matt_lauer,25,9059,26,5191,-441.2258064516129,-79.80645161290323,-523.3870967741937,-556.6129032258065,-592.1290322580645,-549.3548387096774,-172.3225806451613,-217.8064516129032,-212.1290322580645,-741.258064516129,4494.064516129032,4367.677419354839,4451.225806451613,4567.16129032258,4139.612903225807,4553.548387096775,4094.838709677419,4358.5161290322585,4378.7741935483855,4059.483870967742,4473.032258064516,4006.032258064516,4362.483870967744,4182.4838709677415,4009.774193548388,4269.5161290322585,3810.903225806452,4078.709677419354,3729.290322580645,3715.0967741935497,24,3,3352,1364,806,1182,0,0,0,0,0,0,0,0,0,0,0,0,0,0,0,0,0,0,0,0,0,0
matt_lauer,42,26140,180,41795,-180.0,-220.0,-1381.8709677419356,-2934.8064516129034,4751.548387096775,14178.29032258066,16803.483870967742,15651.935483870968,16323.387096774191,17708.193548387095,18671.0,16361.032258064515,16224.225806451614,13843.0,13610.645161290322,10207.354838709678,10086.064516129032,6649.774193548387,4090.000000000008,880.1935483870969,-2609.0,-3920.0,-7401.0,-10905.0,-13958.677419354852,-14530.548387096776,-14706.67741935484,-14917.0,-15134.41935483871,-15374.41935483871,8,1,3792,3792,0,0,0,0,0,0,0,0,0,0,0,0,0,0,0,0,0,0,0,0,0,0,0,0
matt_lauer,23,10535,25,15322,-1306.0,-2263.1290322580644,-2243.0,-2083.2580645161293,-1949.3225806451608,-2864.3870967741937,-2641.8064516129034,-3817.548387096773,-3368.387096774194,-3042.2258064516127,-4151.709677419355,-3086.0967741935483,-4360.935483870964,-3758.6129032258086,-3586.903225806449,-4628.032258064516,-3567.3870967741937,-3598.1612903225805,-4422.032258064515,-4587.129032258064,-3811.4193548387098,-5119.419354838709,-4039.935483870968,-4993.35483870967,-5005.483870967744,-4300.709677419355,-5606.741935483871,-4528.225806451613,-5568.483870967741,-5425.258064516133,14,1,650,590,0,0,0,0,0,0,0,0,0,0,0,0,0,0,0,0,0,0,0,0,0,0,0,0
matt_lauer,49,24176,59,40657,-2764.483870967742,-2544.870967741936,-3430.8064516129057,-3411.0,-4930.419354838709,-5274.999999999999,-5373.096774193548,-5086.741935483872,-6080.0,-6855.129032258066,-8068.03225806452,-7455.161290322584,-7274.064516129032,-9748.774193548386,-9095.0,-8372.967741935483,-10780.903225806444,-10232.774193548375,-9829.0,-11356.67741935484,-10667.935483870966,-11333.0,-12881.129032258064,-12113.451612903224,-13026.387096774191,-14606.58064516129,-14636.322580645168,-14550.58064516128,-16253.483870967728,-17873.516129032258,40,4,5454,206,2435,2121,692,0,0,0,0,0,0,0,0,0,0,0,0,0,0,0,0,0,0,0,0,0
mayweather_vs_mcgregor_fight,61,9415,86,14950,-78.3225806451613,-609.1612903225806,-401.1935483870959,-250.87096774193628,-769.9032258064516,-912.9354838709678,-553.2580645161291,-909.5806451612904,-1115.2258064516116,-1047.483870967743,-1640.3870967741934,-1606.8709677419356,-2174.9677419354875,-2447.5483870967723,-2485.8387096774195,-3153.290322580645,-3155.354838709676,-3473.77419354839,-4011.032258064516,-3972.451612903226,-4608.096774193551,-4785.387096774192,-4769.0,-4898.741935483871,-4929.064516129032,-5132.0,-5193.709677419355,-5224.032258064516,-5404.0,-5495.0,61,10,8191,721,1252,1681,1141,469,236,499,479,241,1466,0,0,0,0,0,0,0,0,0,0,0,0,0,0,0
mayweather_vs_mcgregor_fight,43,26160,327,105025,-220.0,-2032.5806451612905,11903.064516129036,16410.93548387097,16604.09677419355,18777.0,16343.0,13781.354838709678,10293.774193548386,6792.193548387097,1106.0,-2453.0,-7126.548387096775,-12862.129032258064,-18763.0,-24511.0,-26928.0,-32071.29032258064,-37533.0,-42427.0,-47936.51612903224,-54025.22580645159,-59016.35483870968,-60583.838709677446,-66389.0,-72357.0,-77209.0,-77658.0,-78030.67741935483,-78425.0,10,1,3792,3792,0,0,0,0,0,0,0,0,0,0,0,0,0,0,0,0,0,0,0,0,0,0,0,0
mayweather_vs_mcgregor_fight,176,248057,188,80231,-1489.1612903225805,-2603.0,1891.5161290322585,-124.64516129032248,-1514.9032258064497,26608.5483870968,61244.67741935485,102884.03225806452,146378.87096774194,157729.5483870968,154632.2258064516,155690.25806451612,152416.90322580645,152667.03225806452,158423.03225806452,157268.7741935484,154737.25806451612,154071.0,152922.74193548388,184477.7741935484,183301.4516129032,181132.4516129032,179952.16129032258,177775.12903225806,176643.87096774194,174471.8064516129,173268.5806451613,172380.93548387097,168758.32258064515,168976.64516129033,116,7,14700,866,9045,578,579,935,888,1803,0,0,0,0,0,0,0,0,0,0,0,0,0,0,0,0,0,0
mayweather_vs_mcgregor_fight,141,70058,183,123567,-2612.4193548387093,-4680.161290322581,-5674.7741935483855,-7091.193548387097,-8528.741935483871,-9949.290322580646,-12202.0322580645,-14596.483870967735,-16996.032258064522,-18660.870967741936,-20122.25806451613,-22117.64516129032,-23837.64516129033,-25260.32258064518,-26792.096774193546,-28604.1935483871,-29063.0,-31038.870967741936,-32967.0,-34962.0,-36956.0,-38951.0,-40950.0,-42953.0,-45665.67741935484,-45424.90322580645,-48045.8064516129,-50041.0,-52774.90322580645,-51822.0,115,14,12242,206,796,2436,550,1921,822,995,297,297,299,662,906,303,1752,0,0,0,0,0,0,0,0,0,0,0
solar_eclipse,61,38682,88,47891,-347.0322580645152,-866.451612903227,-1310.967741935484,-2058.2903225806454,-3455.838709677417,-4047.935483870968,-3334.2580645161293,-5954.645161290323,-4790.193548387095,-6155.806451612906,-6533.0,-7210.967741935484,-7349.129032258077,-7292.354838709689,-7492.8387096774195,-8325.161290322581,-10448.322580645156,-10750.612903225814,-11722.129032258064,-11583.548387096764,-11464.774193548386,-12750.09677419355,-14452.677419354844,-13807.935483870968,-15191.516129032258,-14222.774193548412,-9992.67741935484,-11008.032258064515,-9425.67741935484,-9277.83870967744,49,5,9116,2313,779,836,1322,3866,0,0,0,0,0,0,0,0,0,0,0,0,0,0,0,0,0,0,0,0
solar_eclipse,80,32756,104,84737,-41.41935483870969,-4604.0,-5073.032258064516,-8929.677419354839,-10739.0,-12616.516129032258,-14412.0,-15987.387096774184,-17230.87096774192,-19936.1935483871,-21725.0,-23543.032258064515,-25123.09677419356,-28957.645161290304,-28377.16129032258,-33309.70967741936,-32789.51612903226,-35349.38709677419,-33854.87096774193,-37599.0,-36060.22580645161,-39735.51612903229,-39934.77419354838,-42611.25806451613,-43181.0,-48117.90322580645,-46290.29032258064,-47413.967741935485,-48929.0,-50094.06451612898,68,5,8964,223,2207,2131,1794,2609,0,0,0,0,0,0,0,0,0,0,0,0,0,0,0,0,0,0,0,0
solar_eclipse,32,11028,35,6761,-8.9032258064516,-60.0,-390.2580645161288,-193.16129032258087,-634.6451612903226,-246.0967741935484,-703.9032258064517,-760.1290322580645,-698.8387096774197,-334.3225806451613,-347.67741935483866,-876.5483870967743,4335.290322580645,4253.677419354837,4261.548387096776,4250.16129032258,3998.35483870968,4348.709677419355,3874.548387096774,4307.677419354839,3853.290322580645,4168.645161290323,3811.451612903224,3939.580645161293,4020.806451612901,3773.2580645161306,4248.064516129032,3770.387096774193,4284.032258064516,3826.129032258064,31,5,5181,698,1418,725,903,1431,0,0,0,0,0,0,0,0,0,0,0,0,0,0,0,0,0,0,0,0
solar_eclipse,26,5640,26,5213,-357.38709677419354,-105.09677419354838,-493.1612903225807,-214.64516129032248,-276.9354838709676,-457.6774193548387,-119.83870967741936,-492.0967741935484,-84.93548387096776,-396.4193548387094,-275.35483870967687,-125.03225806451609,-435.0322580645161,-56.67741935483872,-443.8064516129032,-88.19354838709637,-241.16129032258047,-336.51612903225754,-89.41935483870968,-460.741935483871,-27.51612903225808,-389.8387096774204,-104.87096774193304,-10.354838709677324,-271.67741935483866,228.7419354838709,-157.45161290322585,356.4838709677424,103.32258064516014,138.7741935483894,26,4,5120,2078,384,1719,939,0,0,0,0,0,0,0,0,0,0,0,0,0,0,0,0,0,0,0,0,0
super_bowl,24,4166,25,5115,-442.9032258064516,-96.2258064516129,-453.5483870967743,-421.80645161290334,-179.06451612903226,-628.4193548387096,-667.2903225806451,-669.2258064516129,-549.0967741935488,-274.1290322580645,-307.93548387096774,-311.35483870967744,-853.741935483871,-666.5806451612904,-734.3870967741934,-1208.451612903226,-1167.354838709677,-792.0322580645161,-1263.1612903225807,-1004.4838709677432,-966.6129032258071,-1319.8709677419356,-900.0967741935483,-1347.064516129033,-1094.4838709677422,-918.9999999999987,-1321.3870967741937,-845.1612903225806,-1250.838709677418,-1144.4193548387116,24,2,3682,1976,1706,0,0,0,0,0,0,0,0,0,0,0,0,0,0,0,0,0,0,0,0,0,0,0
super_bowl,39,26080,173,40812,-140.0,-220.0,-1368.548387096774,-2386.1612903225805,1644.000000000001,5986.999999999999,16563.967741935485,15119.064516129032,16996.677419354837,17942.838709677417,18738.0,16515.90322580645,15309.0,13981.0,13861.0,10513.870967741936,10401.612903225809,7046.354838709677,4815.096774193548,1416.0,-1875.903225806456,-4417.0,-6773.96774193548,-10073.0,-13500.451612903224,-13652.709677419354,-13844.967741935485,-14040.451612903227,-14234.0,-14469.483870967742,9,1,3792,3792,0,0,0,0,0,0,0,0,0,0,0,0,0,0,0,0,0,0,0,0,0,0,0,0
super_bowl,54,55851,58,26797,-21.5483870967742,-2275.0967741935483,-3238.5806451612902,-2693.483870967742,-4566.999999999998,-3807.967741935484,-4557.83870967742,-4601.548387096775,-5162.935483870968,-5180.935483870968,-5456.322580645159,-6375.161290322581,-6075.129032258064,-7336.677419354839,-7715.451612903224,-5803.967741935492,-1639.4193548387093,-1519.4838709677415,-1800.6774193548388,8349.129032258064,23718.93548387097,31379.74193548387,29679.193548387106,30012.64516129032,29478.290322580644,29436.967741935485,28966.1935483871,28808.80645161289,28854.25806451613,27516.51612903225,38,2,8015,590,7419,0,0,0,0,0,0,0,0,0,0,0,0,0,0,0,0,0,0,0,0,0,0,0
super_bowl,49,27228,59,40729,-1514.3225806451612,-2019.032258064516,-2193.1935483870966,-1568.6451612903222,-2415.483870967744,-3422.935483870968,-2657.032258064516,-3353.322580645161,-4912.903225806452,-4865.000000000009,-5024.096774193547,-6036.096774193547,-7690.193548387097,-7049.0,-6304.354838709677,-9190.16129032258,-8523.0,-7690.225806451613,-9526.741935483862,-8897.999999999987,-9111.0,-10654.09677419355,-9889.67741935484,-10544.967741935485,-12119.064516129032,-12008.516129032269,-12231.70967741936,-13332.677419354848,-14952.354838709678,-14304.0,40,2,7402,4132,3270,0,0,0,0,0,0,0,0,0,0,0,0,0,0,0,0,0,0,0,0,0,0,0
tom_petty,16,3211,16,3852,-457.1612903225807,-408.6451612903226,-71.93548387096774,-149.22580645161287,-544.8064516129032,-443.0645161290323,-114.51612903225806,-248.4516129032257,-581.4516129032259,-429.7741935483872,-157.0967741935484,-348.4516129032256,-620.0967741935484,-428.41935483870986,-223.67741935483872,-472.4516129032256,-681.741935483871,-430.774193548388,-270.258064516129,-576.7096774193546,-723.3870967741935,-453.8387096774189,-361.8387096774194,-726.2258064516126,-810.0322580645162,-468.6774193548397,-421.4193548387097,-844.9032258064512,-865.6774193548388,-628.8387096774192,16,2,2891,1146,1745,0,0,0,0,0,0,0,0,0,0,0,0,0,0,0,0,0,0,0,0,0,0,0
tom_petty,43,26068,166,37058,-103.22580645161293,-200.0,-1356.3870967741937,-2215.451612903227,1872.3548387096769,7981.806451612904,17237.48387096774,17107.967741935485,16717.25806451613,17915.25806451613,19352.612903225807,19315.0,17042.064516129034,15904.83870967742,14471.612903225809,14337.387096774191,11242.645161290317,10823.935483870968,7434.0,5182.0,2755.0,505.0322580645159,-2938.193548387097,-5266.0,-6558.77419354842,-9970.0,-10097.09677419355,-10310.645161290324,-10523.548387096776,-10670.0,7,1,3700,3700,0,0,0,0,0,0,0,0,0,0,0,0,0,0,0,0,0,0,0,0,0,0,0,0
tom_petty,57,65471,60,24327,-2247.1935483870966,-1878.548387096774,-2647.322580645161,-5030.774193548387,-3215.870967741936,-5630.1612903225805,-3869.451612903226,-5875.096774193549,-4710.387096774195,-6120.806451612907,-5553.612903225806,-6317.032258064514,-6301.064516129032,-6867.709677419355,-6911.612903225807,-7530.096774193548,-7921.16129032258,-7978.483870967742,-9300.41935483871,-9370.870967741936,-9899.064516129032,-9790.258064516129,-6416.064516129015,1132.4193548387098,2487.903225806453,12351.870967741936,13175.096774193562,22525.322580645163,30884.451612903245,34015.16129032262,34,2,6671,589,6082,0,0,0,0,0,0,0,0,0,0,0,0,0,0,0,0,0,0,0,0,0,0,0
tom_petty,47,24644,64,39805,-28.19354838709676,-1264.1935483870968,-1608.0,-2346.48387096774,-3258.483870967742,-4775.645161290323,-5218.870967741936,-6336.838709677416,-5899.0,-4473.967741935484,-7210.129032258059,-6684.0,-5935.258064516129,-8773.580645161283,-8154.0,-7418.548387096774,-10313.16129032258,-9651.0,-8910.838709677419,-11803.483870967742,-11142.0,-10409.129032258064,-13301.806451612903,-12641.0,-11944.41935483871,-14835.129032258064,-14175.0,-13502.709677419354,-16394.451612903227,-13676.90322580645,38,5,5540,205,190,1546,1540,2053,0,0,0,0,0,0,0,0,0,0,0,0,0,0,0,0,0,0,0,0
